complaint_id,title,primary_issue,original_rule_id,original_rule_conditions,proposed_rule_id,proposed_rule_conditions,changed,confidence,no_genuine_complaint,reason,expected_category_code,expected_subcategory_code,expected_department_code,expected_urgency,expected_priority_code,expected_escalation_code
CMP-00301,Where is my parcel CN-9018274611 in Lahore? Late by 6 hours,Standard domestic transit delay under 24 hours without perishable contents,RULE-001,Standard domestic transit delay under 24 hours without perishable contents,RULE-001,Standard domestic transit delay under 24 hours without perishable contents,no,high,no,Express parcel 6 hours late on first contact with non-perishable contents is a standard domestic delay under 24 hours.,DELIVERY,DELAYED_DELIVERY,LOGISTICS_OPS,MEDIUM,P2,NONE
CMP-00302,SECOND NOTICE: Parcel CN-9018274611 STILL NOT DELIVERED in Lahore (Ref: CMP-00301),Standard domestic transit delay under 24 hours without perishable contents,RULE-001,Standard domestic transit delay under 24 hours without perishable contents,RULE-001,Standard domestic transit delay under 24 hours without perishable contents,no,high,no,"Same-day follow-up on the 6-hour delay is still under 24 hours and far from RULE-002's >72h with >2 inquiries, so RULE-001 still applies.",DELIVERY,DELAYED_DELIVERY,LOGISTICS_OPS,MEDIUM,P2,NONE
CMP-00303,Microwave oven arrived with dented side panel in Karachi CN-4410293812,Parcel damaged in transit due to carrier handling with compliant external packaging,RULE-015,"High-value consignment lost in transit (declared value exceeding PKR 100,000 or corporate freight)",RULE-020,"Total breakage of fragile contents due to rough transit handling (value < PKR 15,000)",yes,medium,no,"Microwave (under PKR 15,000) with its body dented from rough transit handling is damage to the contents; it is not a loss and not a high-value case, so RULE-020 fits better than RULE-015 (lost high-value) or RULE-019 (goods unharmed).",PRODUCT_DEFECT,DAMAGED_PARCEL,WARRANTY_CLAIMS,HIGH,P1,SPECIALIST
CMP-00304,RE: Damaged Microwave CN-4410293812 - Claim Follow-up (Ref: CMP-00303),Parcel damaged in transit due to carrier handling with compliant external packaging,RULE-015,"High-value consignment lost in transit (declared value exceeding PKR 100,000 or corporate freight)",RULE-020,"Total breakage of fragile contents due to rough transit handling (value < PKR 15,000)",yes,medium,no,"Follow-up on the same transit-damaged microwave claim of PKR 8,000 (under the PKR 15,000 threshold), so it gets the same damaged-contents rule as CMP-00303.",PRODUCT_DEFECT,DAMAGED_PARCEL,WARRANTY_CLAIMS,HIGH,P1,SPECIALIST
CMP-00305,COD Remittance Batch #9921 Delayed for Merchant MER-102,Merchant requesting premature COD payout before standard reconciliation cycle,RULE-024,Misdelivered parcel contains confidential corporate data or restricted goods,RULE-037,Merchant COD remittance delayed past standard Wednesday cycle due to bank holiday,yes,medium,no,Same-day query about a COD remittance not yet in the bank is a routine remittance-timing issue; it is not overdue by more than 7 days (RULE-038) and there is no legal threat (RULE-039).,BILLING,COD_REMITTANCE_DELAY,BILLING,LOW,P3,NONE
CMP-00306,URGENT ESCALATION: Unreconciled COD Payout MER-102 (Ref Ticket: CMP-00305),Merchant requesting premature COD payout before standard reconciliation cycle,RULE-024,Misdelivered parcel contains confidential corporate data or restricted goods,RULE-037,Merchant COD remittance delayed past standard Wednesday cycle due to bank holiday,yes,medium,no,"Escalation of the same-day remittance query; it is still not overdue by more than 7 days and has no legal threat, so the higher COD-remittance rules do not apply despite PKR 145,000.",BILLING,COD_REMITTANCE_DELAY,BILLING,LOW,P3,NONE
CMP-00307,Pickup van did not arrive at textile factory Faisalabad MER-3301,Scheduled bulk merchant pickup missed due to vehicle breakdown or route delay,RULE-061,Single user reports mobile tracking app crashes on specific older Android OS version,RULE-001,Standard domestic transit delay under 24 hours without perishable contents,yes,low,no,"No rule covers a missed merchant pickup; the closest is RULE-001, the routine same-day first-mile delay in Logistics Ops (RULE-004 would blame the customer).",DELIVERY,DELAYED_DELIVERY,LOGISTICS_OPS,MEDIUM,P2,NONE
CMP-00308,CRITICAL: Second missed pickup notice for MER-3301 (Previous Chat: CMP-00307),Scheduled bulk merchant pickup missed due to vehicle breakdown or route delay,RULE-061,Single user reports mobile tracking app crashes on specific older Android OS version,RULE-001,Standard domestic transit delay under 24 hours without perishable contents,yes,low,no,"Repeat of the same-day missed pickup; the contract-cancellation threat is not a formal notice, so it keeps the closest delay rule.",DELIVERY,DELAYED_DELIVERY,LOGISTICS_OPS,MEDIUM,P2,NONE
CMP-00309,Parcel CN-7719203842 marked delivered to wrong address in PECHS Karachi,Parcel misdelivered to incorrect address due to rider negligence,RULE-049,Consumer portal account locked after 5 consecutive incorrect password attempts,RULE-005,Consignee alleges fake delivery attempt / rider marked delivered or attempted without visiting,yes,medium,no,Parcel marked delivered but handed to the wrong house and never received by the consignee matches 'rider marked delivered without delivering' (same convention as CMP-00052).,DELIVERY,MISSED_DELIVERY_ATTEMPT,LOGISTICS_OPS,HIGH,P1,DEPT_MANAGER
CMP-00310,FOLLOW UP: Misdelivered parcel CN-7719203842 still not retrieved (Ref: CMP-00309),Parcel misdelivered to incorrect address due to rider negligence,RULE-049,Consumer portal account locked after 5 consecutive incorrect password attempts,RULE-005,Consignee alleges fake delivery attempt / rider marked delivered or attempted without visiting,yes,medium,no,Follow-up on the same misdelivered parcel marked delivered; the rider still has not recovered it.,DELIVERY,MISSED_DELIVERY_ATTEMPT,LOGISTICS_OPS,HIGH,P1,DEPT_MANAGER
CMP-00311,Freight trailer FWD-8819201 delayed near Khanewal on National Highway,Commercial freight delivery delayed under 6 hours without contractual SLA breach,RULE-034,"Dispute over volumetric vs dead weight calculation resulting in minor overcharge (< PKR 1,000)",RULE-001,Standard domestic transit delay under 24 hours without perishable contents,yes,high,no,Freight trailer 4 hours late after a mechanical breakdown is a domestic transit delay under 24 hours.,DELIVERY,DELAYED_DELIVERY,LOGISTICS_OPS,MEDIUM,P2,NONE
CMP-00312,RE: Trailer FWD-8819201 Mechanical Delay - Factory Production Risk (Ref: CMP-00311),Commercial freight delivery delayed under 6 hours without contractual SLA breach,RULE-034,"Dispute over volumetric vs dead weight calculation resulting in minor overcharge (< PKR 1,000)",RULE-001,Standard domestic transit delay under 24 hours without perishable contents,yes,medium,no,"Follow-up on the same 4-hour freight delay; the risk to factory production raises urgency in context, but the delay is still under 24 hours.",DELIVERY,DELAYED_DELIVERY,LOGISTICS_OPS,MEDIUM,P2,NONE
CMP-00313,Rider used harsh language when asked for change in Rawalpindi CN-5510293847,Rider unprofessional conduct or impolite communication during delivery interaction,RULE-047,RTO package stalled at regional transit hub for >10 days without movement scan,RULE-067,Customer reports rider spoke discourteously or showed impatient attitude during delivery,yes,high,no,Rider spoke rudely about change; this is discourteous conduct with no profanity or threats.,STAFF_BEHAVIOR,RUDE_RIDER_DRIVER_BEHAVIOR,LOGISTICS_OPS,MEDIUM,P2,SUPERVISOR
CMP-00314,Unresolved complaint regarding abusive rider CN-5510293847 (Previous: CMP-00313),Rider unprofessional conduct or impolite communication during delivery interaction,RULE-047,RTO package stalled at regional transit hub for >10 days without movement scan,RULE-067,Customer reports rider spoke discourteously or showed impatient attitude during delivery,yes,high,no,"Repeat about the same rude-rider incident; one courier, one incident, so RULE-069's >3 complaints in 30 days is not met.",STAFF_BEHAVIOR,RUDE_RIDER_DRIVER_BEHAVIOR,LOGISTICS_OPS,MEDIUM,P2,SUPERVISOR
CMP-00315,Original degree educational documents CN-1029482719 untracked in Islamabad,Domestic consignment untracked at intermediate hub exceeding 72 hours,RULE-011,"Parcel dispatched to incorrect province/city (e.g., booked for Lahore, dispatched to Multan)",RULE-059,Tracking scan frozen at origin hub for >48 hours without departure event,yes,medium,no,"Documents have had no tracking movement for 48 hours at a hub without a departure scan; closest is RULE-059 (frozen >48h), since RULE-013 needs more than 5 days.",TECHNICAL_SUPPORT,TRACKING_NOT_UPDATING,CUSTOMER_RELATIONS,HIGH,P1,SUPERVISOR
CMP-00316,EMERGENCY REPEAT: Missing Degree Documents CN-1029482719 - Visa Deadline (Ref: CMP-00315),Domestic consignment untracked at intermediate hub exceeding 72 hours,RULE-011,"Parcel dispatched to incorrect province/city (e.g., booked for Lahore, dispatched to Multan)",RULE-059,Tracking scan frozen at origin hub for >48 hours without departure event,yes,medium,no,Repeat on the same frozen-tracking consignment; the visa deadline raises urgency but the issue is unchanged.,TECHNICAL_SUPPORT,TRACKING_NOT_UPDATING,CUSTOMER_RELATIONS,HIGH,P1,SUPERVISOR
CMP-00317,Inventory stock discrepancy SKU-LEATHER-02 in Lahore Fulfillment Center,Inventory count discrepancy identified during merchant physical stock audit under 2%,RULE-056,Merchant requests legal company title change and NTN/Sales Tax registration update,RULE-016,"Multi-piece consignment missing 1 of N boxes, standard commercial cargo",yes,low,no,Six units of the merchant's stock unaccounted for in the warehouse is closest to a partial-missing commercial cargo case; no warehousing rule exists.,LOST_SHIPMENT,PARTIAL_SHIPMENT_MISSING,WARRANTY_CLAIMS,HIGH,P1,SPECIALIST
CMP-00318,Follow-up on SKU-LEATHER-02 Stock Audit Variance (Ref: CMP-00317),Inventory count discrepancy identified during merchant physical stock audit under 2%,RULE-056,Merchant requests legal company title change and NTN/Sales Tax registration update,RULE-016,"Multi-piece consignment missing 1 of N boxes, standard commercial cargo",yes,low,no,Follow-up on the same 6-unit warehouse shortfall of leather jackets.,LOST_SHIPMENT,PARTIAL_SHIPMENT_MISSING,WARRANTY_CLAIMS,HIGH,P1,SPECIALIST
CMP-00319,Disputing volumetric re-weighing charge on 30 sports parcels MER-4412,Merchant disputes re-weighing volumetric discrepancy verified by automated dimensioning scans,RULE-070,"Rider verbally asks for tip / round-up change on prepaid shipment, customer refused and received parcel",RULE-034,"Dispute over volumetric vs dead weight calculation resulting in minor overcharge (< PKR 1,000)",yes,medium,no,"Volumetric re-weigh dispute is exactly RULE-034's issue, although the PKR 4,200 aggregate is above its <PKR 1,000 example and no higher weight-dispute rule exists.",BILLING,INCORRECT_CHARGE,BILLING,LOW,P3,NONE
CMP-00320,RE: Weight Adjustment Dispute INV-5501 Sialkot Hub (Ref: CMP-00319),Merchant disputes re-weighing volumetric discrepancy verified by automated dimensioning scans,RULE-070,"Rider verbally asks for tip / round-up change on prepaid shipment, customer refused and received parcel",RULE-034,"Dispute over volumetric vs dead weight calculation resulting in minor overcharge (< PKR 1,000)",yes,medium,no,Follow-up with dimension evidence on the same volumetric re-weighing dispute.,BILLING,INCORRECT_CHARGE,BILLING,LOW,P3,NONE
CMP-00321,Fresh traditional sweets (Mithai) delayed in transit Peshawar to Karachi CN-6619203847,Express domestic consignment delayed past promised SLA window,RULE-001,Standard domestic transit delay under 24 hours without perishable contents,RULE-003,"Delayed delivery containing urgent medical supplies, life-saving drugs or temperature-sensitive goods",yes,medium,no,Perishable food delayed 36 hours is temperature-sensitive goods; RULE-001 explicitly excludes perishables and is capped at under 24 hours.,DELIVERY,DELAYED_DELIVERY,LOGISTICS_OPS,CRITICAL,P0,CRITICAL_MGMT
CMP-00322,Mithai parcel spoiled due to 48-hour delay CN-6619203847 (Ref: CMP-00321),Spoilage or thermal degradation of temperature-sensitive items shipped via standard dry cargo,RULE-019,Minor outer carton denting with internal goods completely undamaged,RULE-020,"Total breakage of fragile contents due to rough transit handling (value < PKR 15,000)",yes,medium,no,"Perishable sweets arrived spoiled after the delay, a total loss of contents under PKR 15,000 (CAT-03 covers spoiled perishables), not outer denting with goods intact (RULE-019).",PRODUCT_DEFECT,DAMAGED_PARCEL,WARRANTY_CLAIMS,HIGH,P1,SPECIALIST
CMP-00323,VIP Merchant API integration throwing 500 server error VIP-901,Merchant requesting security policy waiver or disabling of mandatory multi-factor authentication,RULE-067,Customer reports rider spoke discourteously or showed impatient attitude during delivery,RULE-066,"Enterprise corporate client API gateway completely down, blocking all nationwide bookings",yes,medium,no,"Enterprise VIP's order-creation API returns HTTP 500 and blocks its bookings (150 queued), matching the corporate API-gateway-down rule; the primary_issue text about an MFA waiver is wrong.",TECHNICAL_SUPPORT,API_WEBHOOK_FAILURE,CUSTOMER_RELATIONS,CRITICAL,P0,CRITICAL_MGMT
CMP-00324,ESCALATION: VIP-901 API Gateway Downtime Still Unresolved (Ref: CMP-00323),Merchant requesting security policy waiver or disabling of mandatory multi-factor authentication,RULE-067,Customer reports rider spoke discourteously or showed impatient attitude during delivery,RULE-066,"Enterprise corporate client API gateway completely down, blocking all nationwide bookings",yes,high,no,"Escalation: the VIP API gateway has been down for 2.5 hours with 400+ orders stalled, so the corporate client's booking API is fully down.",TECHNICAL_SUPPORT,API_WEBHOOK_FAILURE,CUSTOMER_RELATIONS,CRITICAL,P0,CRITICAL_MGMT
CMP-00325,Rider falsely marked 'Customer Premises Closed' in Quetta CN-8819203841,Customer demands value-added assembly service not included in standard courier tariff,RULE-048,Merchant alleges high-value RTO parcel swapped with inferior merchandise during reverse transit,RULE-005,Consignee alleges fake delivery attempt / rider marked delivered or attempted without visiting,yes,high,no,"Rider scanned 'premises closed' but never came to the open clinic, a fake delivery attempt; the primary_issue text about an assembly service is wrong.",DELIVERY,MISSED_DELIVERY_ATTEMPT,LOGISTICS_OPS,HIGH,P1,DEPT_MANAGER
CMP-00326,RE: Fake delivery attempt on CN-8819203841 - CCTV Footage Available (Ref: CMP-00325),Customer demands value-added assembly service not included in standard courier tariff,RULE-048,Merchant alleges high-value RTO parcel swapped with inferior merchandise during reverse transit,RULE-005,Consignee alleges fake delivery attempt / rider marked delivered or attempted without visiting,yes,high,no,CCTV-backed follow-up alleging the same fake delivery attempt.,DELIVERY,MISSED_DELIVERY_ATTEMPT,LOGISTICS_OPS,HIGH,P1,DEPT_MANAGER
CMP-00327,Customer refused COD parcel CN-3301928471 not returned to merchant MER-405,RTO consignment delayed in reverse transit exceeding standard 7-day turnaround,RULE-030,"COD cash discrepancy resulting in customer overpayment of > PKR 10,000",RULE-046,Failed delivery consignment held in hub awaiting scheduled weekly RTO consolidation,yes,medium,no,"Refused COD parcel still not back after 9 days; below RULE-047's >10-day stalled-RTO threshold, so the routine RTO-processing rule applies.",REFUND,RTO_PROCESSING_DELAY,RETURNS_REFUNDS,LOW,P3,NONE
CMP-00328,LOST RTO PARCEL: CN-3301928471 10 Days Overdue (Previous Ref: CMP-00327),RTO consignment delayed in reverse transit exceeding standard 7-day turnaround,RULE-030,"COD cash discrepancy resulting in customer overpayment of > PKR 10,000",RULE-047,RTO package stalled at regional transit hub for >10 days without movement scan,yes,high,no,RTO parcel now overdue by more than 10 days with tracking gone dark meets the stalled-RTO rule.,REFUND,RTO_PROCESSING_DELAY,RETURNS_REFUNDS,HIGH,P1,SUPERVISOR
CMP-00329,Disputing demurrage charges on container FWD-1102938 at Karachi terminal,Client requesting demurrage storage fee waiver caused by consignee-side customs delay,RULE-035,Systemic fuel surcharge applied at expired higher rate across monthly merchant invoice,RULE-035,Systemic fuel surcharge applied at expired higher rate across monthly merchant invoice,no,low,no,"PKR 45,000 demurrage charge disputed because of the company's own gate-system outage; this is a mid-value incorrect-charge dispute between RULE-034 (<1,000) and RULE-036 (>100,000).",BILLING,INCORRECT_CHARGE,BILLING,HIGH,P1,DEPT_MANAGER
CMP-00330,RE: Demurrage Dispute FWD-1102938 - Senior Management Escalation (Ref: CMP-00329),Client requesting demurrage storage fee waiver caused by consignee-side customs delay,RULE-035,Systemic fuel surcharge applied at expired higher rate across monthly merchant invoice,RULE-035,Systemic fuel surcharge applied at expired higher rate across monthly merchant invoice,no,low,no,"Escalation of the same PKR 45,000 demurrage-charge dispute.",BILLING,INCORRECT_CHARGE,BILLING,HIGH,P1,DEPT_MANAGER
CMP-00331,"Rider had no change for PKR 2,000 note in Gujranwala CN-9901827361",Rider lacks exact currency change for high-denomination currency banknote at delivery,RULE-046,Failed delivery consignment held in hub awaiting scheduled weekly RTO consolidation,RULE-028,Rider demands higher COD cash than printed on official digital consignment manifest,yes,low,no,"Rider collected PKR 2,000 on a PKR 1,450 COD and kept the PKR 550 change, so more cash than the manifest amount was taken; under the >PKR 10,000 bar of RULE-030.",BILLING,COD_AMOUNT_MISMATCH,BILLING,HIGH,P1,SUPERVISOR
CMP-00332,Follow-up: Rider did not return with PKR 550 balance change (Ref: CMP-00331),Rider lacks exact currency change for high-denomination currency banknote at delivery,RULE-046,Failed delivery consignment held in hub awaiting scheduled weekly RTO consolidation,RULE-028,Rider demands higher COD cash than printed on official digital consignment manifest,yes,low,no,Follow-up: the PKR 550 over-collection on the COD was still not returned after 24 hours.,BILLING,COD_AMOUNT_MISMATCH,BILLING,HIGH,P1,SUPERVISOR
CMP-00333,Cosmetics parcel flyer torn and 2 lipstick items missing CN-4419203819,Shipper sent prohibited physical currency / legal tender in violation of carriage terms,RULE-078,"Insurance payout withheld for enterprise cargo loss exceeding PKR 500,000",RULE-017,Partial loss confirmed stolen from damaged outer master carton,yes,high,no,Flyer slit and re-taped with 2 of 5 items missing is a partial loss by theft from damaged outer packaging; the primary_issue text about currency is wrong.,LOST_SHIPMENT,PARTIAL_SHIPMENT_MISSING,WARRANTY_CLAIMS,HIGH,P1,SUPERVISOR
CMP-00334,FORMAL CLAIM: Pilfered Cosmetics Parcel CN-4419203819 (Ref: CMP-00333),Shipper sent prohibited physical currency / legal tender in violation of carriage terms,RULE-078,"Insurance payout withheld for enterprise cargo loss exceeding PKR 500,000",RULE-017,Partial loss confirmed stolen from damaged outer master carton,yes,high,no,"Claim-submission follow-up for the same partial theft (PKR 3,500) from the slit flyer.",LOST_SHIPMENT,PARTIAL_SHIPMENT_MISSING,WARRANTY_CLAIMS,HIGH,P1,SUPERVISOR
CMP-00335,Scheduled merchant pickup canceled unexpectedly in Hyderabad MER-5503,Scheduled bulk merchant pickup missed due to vehicle breakdown or route delay,RULE-061,Single user reports mobile tracking app crashes on specific older Android OS version,RULE-001,Standard domestic transit delay under 24 hours without perishable contents,yes,low,no,"Carrier cancelled a scheduled merchant pickup, a same-day first-mile delay; no pickup-specific rule exists (same treatment as CMP-00307).",DELIVERY,DELAYED_DELIVERY,LOGISTICS_OPS,MEDIUM,P2,NONE
CMP-00336,Second Alert: Hyderabad Pickup Still Not Done for MER-5503 (Ref: CMP-00335),Scheduled bulk merchant pickup missed due to vehicle breakdown or route delay,RULE-061,Single user reports mobile tracking app crashes on specific older Android OS version,RULE-001,Standard domestic transit delay under 24 hours without perishable contents,yes,low,no,Repeat of the same-day missed pickup.,DELIVERY,DELAYED_DELIVERY,LOGISTICS_OPS,MEDIUM,P2,NONE
CMP-00337,Cold chain pharmaceutical vaccines delayed in transit to Islamabad CN-7701928349,Shipper requesting booking approval for raw perishable food items via ambient courier network,RULE-020,"Total breakage of fragile contents due to rough transit handling (value < PKR 15,000)",RULE-003,"Delayed delivery containing urgent medical supplies, life-saving drugs or temperature-sensitive goods",yes,high,no,Temperature-controlled pediatric vaccines stuck in transit are delayed temperature-sensitive medical supplies.,DELIVERY,DELAYED_DELIVERY,LOGISTICS_OPS,CRITICAL,P0,CRITICAL_MGMT
CMP-00338,CRITICAL REPEAT: Vaccine Temperature Alert CN-7701928349 (Ref: CMP-00337),Shipper requesting booking approval for raw perishable food items via ambient courier network,RULE-020,"Total breakage of fragile contents due to rough transit handling (value < PKR 15,000)",RULE-003,"Delayed delivery containing urgent medical supplies, life-saving drugs or temperature-sensitive goods",yes,high,no,"Repeat on the same delayed cold-chain vaccine consignment (PKR 450,000) nearing thermal failure.",DELIVERY,DELAYED_DELIVERY,LOGISTICS_OPS,CRITICAL,P0,CRITICAL_MGMT
CMP-00339,Requesting urgent consignee address correction in Faisalabad CN-1102938472,Merchant requesting mid-transit consignee address or contact modification,RULE-004,First missed delivery attempt due to customer premises locked or phone unattended,RULE-004,First missed delivery attempt due to customer premises locked or phone unattended,no,low,yes,"Routine request to change the address of a parcel out for delivery; nothing has gone wrong yet, and the closest rule is the low-priority delivery-attempt rule.",DELIVERY,MISSED_DELIVERY_ATTEMPT,LOGISTICS_OPS,LOW,P3,NONE
CMP-00340,Rider attempted old address despite address update request (Ref: CMP-00339),Merchant requesting mid-transit consignee address or contact modification,RULE-004,First missed delivery attempt due to customer premises locked or phone unattended,RULE-004,First missed delivery attempt due to customer premises locked or phone unattended,no,medium,no,"Rider tried the old address and marked 'Customer Not Available', a first missed delivery attempt; there is no allegation that he never visited.",DELIVERY,MISSED_DELIVERY_ATTEMPT,LOGISTICS_OPS,LOW,P3,NONE
CMP-00341,Container seal number mismatch at Port Qasim discharge FWD-9918204,Client disputes line-haul freight invoice after successful delivery completion,RULE-034,"Dispute over volumetric vs dead weight calculation resulting in minor overcharge (< PKR 1,000)",RULE-025,Parcel received with broken security tape but all items accounted for and intact,yes,medium,no,"Container seal number does not match the bill of lading and no loss is confirmed yet, which is closest to a broken seal with contents presumed intact; no customs document is missing.",PRODUCT_DEFECT,TAMPERED_PACKAGING,ACCOUNT_SECURITY,MEDIUM,P2,SUPERVISOR
CMP-00342,FOLLOW-UP: Joint Inspection Required for Seal Mismatch FWD-9918204 (Ref: CMP-00341),Client disputes line-haul freight invoice after successful delivery completion,RULE-034,"Dispute over volumetric vs dead weight calculation resulting in minor overcharge (< PKR 1,000)",RULE-025,Parcel received with broken security tape but all items accounted for and intact,yes,medium,no,Follow-up asking for a joint inspection of the same seal mismatch.,PRODUCT_DEFECT,TAMPERED_PACKAGING,ACCOUNT_SECURITY,MEDIUM,P2,SUPERVISOR
CMP-00343,Domestic parcel CN-3391028479 untracked for 4 days between Karachi and Lahore,Domestic consignment untracked at intermediate hub exceeding 72 hours,RULE-011,"Parcel dispatched to incorrect province/city (e.g., booked for Lahore, dispatched to Multan)",RULE-059,Tracking scan frozen at origin hub for >48 hours without departure event,yes,medium,no,"No tracking scan for 96 hours on first contact; RULE-013 needs more than 5 days and RULE-002 needs more than 2 inquiries, so the >48h frozen-tracking rule is closest.",TECHNICAL_SUPPORT,TRACKING_NOT_UPDATING,CUSTOMER_RELATIONS,HIGH,P1,SUPERVISOR
CMP-00344,SECOND NOTICE: Untracked parcel CN-3391028479 still missing (Ref: CMP-00343),Domestic consignment untracked at intermediate hub exceeding 72 hours,RULE-011,"Parcel dispatched to incorrect province/city (e.g., booked for Lahore, dispatched to Multan)",RULE-014,"Insured shipment lost in transit with declared value between PKR 15,000 and PKR 100,000",yes,medium,no,"Five days without a scan, customer asks to declare it lost and claim PKR 20,000 on insurance, which falls in the insured PKR 15,000-100,000 lost-shipment band.",LOST_SHIPMENT,LOST_PARCEL,WARRANTY_CLAIMS,HIGH,P1,DEPT_MANAGER
CMP-00345,Merchant webhook endpoint failing on delivery status pings MER-702,Merchant API or portal connectivity failure caused by client-side network interruption,RULE-066,"Enterprise corporate client API gateway completely down, blocking all nationwide bookings",RULE-065,E-commerce merchant webhook endpoint failing due to TLS certificate / SSL handshake error,yes,medium,no,"Merchant webhooks have not fired since yesterday, a webhook endpoint failure; it is not latency (RULE-064) and not an enterprise gateway outage.",TECHNICAL_SUPPORT,API_WEBHOOK_FAILURE,CUSTOMER_RELATIONS,MEDIUM,P2,SPECIALIST
CMP-00346,ESCALATION: Webhook Service Down MER-702 - 600 Orders Unsynchronized (Ref: CMP-00345),Merchant API or portal connectivity failure caused by client-side network interruption,RULE-066,"Enterprise corporate client API gateway completely down, blocking all nationwide bookings",RULE-065,E-commerce merchant webhook endpoint failing due to TLS certificate / SSL handshake error,yes,medium,no,Escalation of the same merchant webhook failure (600 orders not synced); still a non-enterprise webhook failure.,TECHNICAL_SUPPORT,API_WEBHOOK_FAILURE,CUSTOMER_RELATIONS,MEDIUM,P2,SPECIALIST
CMP-00347,Shipper report: Fragile hand-crafted ceramic vase broken in transit CN-8820194820,Damage to fragile or glassware items shipped without declared fragile handling,RULE-016,"Multi-piece consignment missing 1 of N boxes, standard commercial cargo",RULE-020,"Total breakage of fragile contents due to rough transit handling (value < PKR 15,000)",yes,high,no,"Fragile ceramic broken in transit with a PKR 15,000 claim is total breakage of fragile contents at the RULE-020 value tier; not the >PKR 100,000 commercial case.",PRODUCT_DEFECT,DAMAGED_PARCEL,WARRANTY_CLAIMS,HIGH,P1,SPECIALIST
CMP-00348,Consignee report: Received smashed ceramic vase CN-8820194820 (Duplicate to CMP-00347),Damage to fragile or glassware items shipped without declared fragile handling,RULE-016,"Multi-piece consignment missing 1 of N boxes, standard commercial cargo",RULE-020,"Total breakage of fragile contents due to rough transit handling (value < PKR 15,000)",yes,high,no,Consignee's counterpart report of the same broken ceramic shipment.,PRODUCT_DEFECT,DAMAGED_PARCEL,WARRANTY_CLAIMS,HIGH,P1,SPECIALIST
CMP-00349,VIP Board executive express document consignment delayed CN-9901827369,Express domestic consignment delayed past promised SLA window,RULE-001,Standard domestic transit delay under 24 hours without perishable contents,RULE-100,VIP consumer shipment misses guaranteed overnight delivery commitment by 4 hours,yes,medium,no,"VIP executive-express consignment missed its guaranteed VIP delivery window, which is the VIP SLA-breach rule.",SERVICE_QUALITY,EXECUTIVE_SLA_BREACH,MGMT_ESCALATIONS,HIGH,P1,SUPERVISOR
CMP-00350,CHAIRMAN OFFICE ESCALATION: Delayed VIP Contracts CN-9901827369 (Ref: CMP-00349),Express domestic consignment delayed past promised SLA window,RULE-001,Standard domestic transit delay under 24 hours without perishable contents,RULE-100,VIP consumer shipment misses guaranteed overnight delivery commitment by 4 hours,yes,medium,no,Chairman-level escalation of the same missed VIP delivery; the termination threat is not a formal notice from an account with >PKR 10M annual freight (RULE-099).,SERVICE_QUALITY,EXECUTIVE_SLA_BREACH,MGMT_ESCALATIONS,HIGH,P1,SUPERVISOR
CMP-00351,CRITICAL: Merchant Portal Account Compromised & Unauthorized Bank Change MER-8821,Merchant requesting security policy waiver or disabling of mandatory multi-factor authentication,RULE-067,Customer reports rider spoke discourteously or showed impatient attitude during delivery,RULE-053,Merchant portal compromised and bank disbursement details altered to fraudulent account,yes,medium,no,"Merchant portal accessed without authorization from a foreign IP, with an attempt to switch the COD payout IBAN to a third party, is portal compromise targeting disbursement details.",ACCOUNT,UNAUTHORIZED_ACCOUNT_ACCESS,ACCOUNT_SECURITY,CRITICAL,P0,CRITICAL_MGMT
CMP-00352,Multiple failed OTP brute-force alerts on consumer mobile account in Karachi,Consignee requesting OTP delivery verification bypass for third-party parcel handover,RULE-007,Package left on porch or with building guard with prior verbal consignee permission,RULE-052,"Customer reports suspicious login alert from unfamiliar city/IP address, no funds diverted",yes,high,no,"Consumer received 18 unsolicited OTPs from a brute-force login attempt and no funds were diverted, a suspicious-access alert.",ACCOUNT,UNAUTHORIZED_ACCOUNT_ACCESS,ACCOUNT_SECURITY,HIGH,P1,SUPERVISOR
CMP-00353,VIP Corporate API key leaked on public GitHub repository VIP-404,Merchant requesting security policy waiver or disabling of mandatory multi-factor authentication,RULE-067,Customer reports rider spoke discourteously or showed impatient attitude during delivery,RULE-052,"Customer reports suspicious login alert from unfamiliar city/IP address, no funds diverted",yes,low,no,VIP API keys leaked publicly create a risk of unauthorized access that has not been exploited yet; closest is the suspicious-access rule (no compromise or bank change).,ACCOUNT,UNAUTHORIZED_ACCOUNT_ACCESS,ACCOUNT_SECURITY,HIGH,P1,SUPERVISOR
CMP-00354,Warehouse staff sharing master admin login credentials in Lahore Multan Road FC,Merchant disputes internal warehouse inventory location tracking without physical unit loss,RULE-055,Merchant requests standard update to pickup warehouse address or contact phone number,RULE-052,"Customer reports suspicious login alert from unfamiliar city/IP address, no funds diverted",yes,low,no,Shared admin credentials in the warehouse system are an access-control risk with no confirmed misuse; closest unauthorized-access rule.,ACCOUNT,UNAUTHORIZED_ACCOUNT_ACCESS,ACCOUNT_SECURITY,HIGH,P1,SUPERVISOR
CMP-00355,Unauthorized delivery handover without OTP validation CN-9018273641,Consignee requesting OTP delivery verification bypass for third-party parcel handover,RULE-007,Package left on porch or with building guard with prior verbal consignee permission,RULE-009,"Package left unattended without consent and subsequently stolen or missing (value > PKR 50,000)",yes,medium,no,"High-value smartphone handed to an unknown person without the OTP and never received is an unauthorized handover without consent, now missing.",DELIVERY,PACKAGE_LEFT_UNATTENDED,LOGISTICS_OPS,CRITICAL,P0,DEPT_MANAGER
CMP-00356,Phishing SMS scam using fake RaftarXpress tracking domain targeting our customers,Consignment seized by statutory government authorities due to shipper lack of legal tax documentation,RULE-080,Merchant manifests containing 500+ customer names and phone numbers leaked online or sent to wrong client,RULE-083,Customer receives spam SMS originating from rogue third-party claiming to be company partner,yes,high,no,"Customers received phishing SMS from a rogue third party impersonating the courier, which is exactly RULE-083.",PRIVACY,UNSOLICITED_MARKETING_SMS,COMPLIANCE,HIGH,P1,SUPERVISOR
CMP-00357,Merchant portal session hijack / CSRF vulnerability reported MER-3391,Merchant requesting security policy waiver or disabling of mandatory multi-factor authentication,RULE-067,Customer reports rider spoke discourteously or showed impatient attitude during delivery,RULE-052,"Customer reports suspicious login alert from unfamiliar city/IP address, no funds diverted",yes,low,no,Reported session-invalidation vulnerability is a potential unauthorized-access risk with no confirmed compromise.,ACCOUNT,UNAUTHORIZED_ACCOUNT_ACCESS,ACCOUNT_SECURITY,HIGH,P1,SUPERVISOR
CMP-00358,Corporate freight portal account lockout during urgent container clearance CORP-101,Merchant API or portal connectivity failure caused by client-side network interruption,RULE-066,"Enterprise corporate client API gateway completely down, blocking all nationwide bookings",RULE-050,High-volume merchant account locked during peak sales festival (e.g. 11.11 / Eid),yes,low,no,"Corporate account locked after wrong passwords while urgent port clearances stall; closest is the business-account lockout with high operational impact, since RULE-049 is for consumer portals.",ACCOUNT,ACCOUNT_LOCKED,CUSTOMER_RELATIONS,HIGH,P1,SUPERVISOR
CMP-00359,Rider attempted to forge consignee digital signature on smartphone app CN-4410293819,Consignee disputes valid POD signed by adult family member at designated residential address,RULE-051,Merchant account locked due to suspicious automated bot scraping / API abuse,RULE-072,Rider forged customer signature and pocketed change balance from large COD banknote,yes,low,no,Rider forged the consignee's digital signature and left the parcel outside in rain; RULE-072 is the only rule covering rider signature forgery.,STAFF_BEHAVIOR,RIDER_DEMANDING_CASH_TIP,ACCOUNT_SECURITY,HIGH,P1,DEPT_MANAGER
CMP-00360,Merchant employee database role permission privilege escalation MER-7710,Merchant requesting security policy waiver or disabling of mandatory multi-factor authentication,RULE-067,Customer reports rider spoke discourteously or showed impatient attitude during delivery,RULE-052,"Customer reports suspicious login alert from unfamiliar city/IP address, no funds diverted",yes,low,no,"RBAC flaw lets a dispatcher sub-user see payout bank details, an unauthorized-access exposure with no funds diverted.",ACCOUNT,UNAUTHORIZED_ACCOUNT_ACCESS,ACCOUNT_SECURITY,HIGH,P1,SUPERVISOR
CMP-00361,Rider sent unsolicited romantic WhatsApp messages to female customer after delivery in Lahore,Rider unprofessional conduct or impolite communication during delivery interaction,RULE-047,RTO package stalled at regional transit hub for >10 days without movement scan,RULE-079,Customer reports courier sent unsolicited personal message on WhatsApp after delivery,yes,high,no,"Rider used the consignee's number to send unsolicited romantic WhatsApp messages after delivery, which is exactly RULE-079.",PRIVACY,DATA_PRIVACY_BREACH,ACCOUNT_SECURITY,HIGH,P1,SUPERVISOR
CMP-00362,Discarded shipping manifests with customer CNICs and phone numbers found in open dumpster in Karachi,Consignment seized by statutory government authorities due to shipper lack of legal tax documentation,RULE-080,Merchant manifests containing 500+ customer names and phone numbers leaked online or sent to wrong client,RULE-080,Merchant manifests containing 500+ customer names and phone numbers leaked online or sent to wrong client,no,high,no,"Hundreds of run-sheets with customer names, phones and addresses dumped in public is a mass PII leak; the original rule fits.",PRIVACY,DATA_PRIVACY_BREACH,ACCOUNT_SECURITY,CRITICAL,P0,CRITICAL_MGMT
CMP-00363,Delivery rider photographed consignee front porch and posted video on TikTok,Rider unprofessional conduct or impolite communication during delivery interaction,RULE-047,RTO package stalled at regional transit hub for >10 days without movement scan,RULE-079,Customer reports courier sent unsolicited personal message on WhatsApp after delivery,yes,medium,no,"Rider recorded the customer's private residence and posted it on TikTok, a single-customer privacy breach by the courier after delivery.",PRIVACY,DATA_PRIVACY_BREACH,ACCOUNT_SECURITY,HIGH,P1,SUPERVISOR
CMP-00364,Merchant received another competitor's COD sales settlement statement via email MER-2201,Merchant requesting security policy waiver or disabling of mandatory multi-factor authentication,RULE-067,Customer reports rider spoke discourteously or showed impatient attitude during delivery,RULE-080,Merchant manifests containing 500+ customer names and phone numbers leaked online or sent to wrong client,yes,high,no,"A competitor's COD statement containing its customers' phone numbers and addresses was emailed to the wrong merchant, which is 'sent to wrong client' in RULE-080.",PRIVACY,DATA_PRIVACY_BREACH,ACCOUNT_SECURITY,CRITICAL,P0,CRITICAL_MGMT
CMP-00365,Rider disclosing contents of sensitive medical package to building neighbors in Rawalpindi,Rider unprofessional conduct or impolite communication during delivery interaction,RULE-047,RTO package stalled at regional transit hub for >10 days without movement scan,RULE-079,Customer reports courier sent unsolicited personal message on WhatsApp after delivery,yes,low,no,"Rider announced the customer's sensitive medication to neighbours, a single-customer privacy breach by the courier.",PRIVACY,DATA_PRIVACY_BREACH,ACCOUNT_SECURITY,HIGH,P1,SUPERVISOR
CMP-00366,Customer phone number exposed to third-party marketing vendor via tracking page script,Customer reporting tracking portal accessibility latency caused by client mobile connection,RULE-068,"Rider used profanity, verbal threats, or aggressive harassment towards customer",RULE-080,Merchant manifests containing 500+ customer names and phone numbers leaked online or sent to wrong client,yes,low,no,"Tracking-page scripts leak customer mobile numbers to third-party vendors, a systemic online PII leak closest to the mass-leak rule.",PRIVACY,DATA_PRIVACY_BREACH,ACCOUNT_SECURITY,CRITICAL,P0,CRITICAL_MGMT
CMP-00367,VIP client private executive residential address leaked to subcontractor driver VIP-112,Express domestic consignment delayed past promised SLA window,RULE-001,Standard domestic transit delay under 24 hours without perishable contents,RULE-079,Customer reports courier sent unsolicited personal message on WhatsApp after delivery,yes,low,no,"VIP chairman's private address exposed to an unvetted freelance driver, a single-customer privacy breach through courier handling.",PRIVACY,DATA_PRIVACY_BREACH,ACCOUNT_SECURITY,HIGH,P1,SUPERVISOR
CMP-00368,Merchant portal customer data export permitted without administrative 2FA MER-8809,Merchant requesting security policy waiver or disabling of mandatory multi-factor authentication,RULE-067,Customer reports rider spoke discourteously or showed impatient attitude during delivery,RULE-052,"Customer reports suspicious login alert from unfamiliar city/IP address, no funds diverted",yes,low,no,Bulk PII export allowed without 2FA is an access-control weakness with no breach yet; closest unauthorized-access rule.,ACCOUNT,UNAUTHORIZED_ACCOUNT_ACCESS,ACCOUNT_SECURITY,HIGH,P1,SUPERVISOR
CMP-00369,Rider asking personal questions about family members living in house during delivery CN-1102938479,Rider unprofessional conduct or impolite communication during delivery interaction,RULE-047,RTO package stalled at regional transit hub for >10 days without movement scan,RULE-068,"Rider used profanity, verbal threats, or aggressive harassment towards customer",yes,low,no,"Rider's intrusive questions about which men are home left a female resident feeling unsafe, harassment beyond mere discourtesy.",STAFF_BEHAVIOR,RUDE_RIDER_DRIVER_BEHAVIOR,LOGISTICS_OPS,CRITICAL,P0,CRITICAL_MGMT
CMP-00370,Courier flyer airway bill left exposed on public street after delivery in Multan,Rider unprofessional conduct or impolite communication during delivery interaction,RULE-047,RTO package stalled at regional transit hub for >10 days without movement scan,RULE-079,Customer reports courier sent unsolicited personal message on WhatsApp after delivery,yes,low,no,"Rider left a pouch with the invoice and CNIC copy exposed on the street gate, a minor single-customer privacy exposure by the courier.",PRIVACY,DATA_PRIVACY_BREACH,ACCOUNT_SECURITY,HIGH,P1,SUPERVISOR
CMP-00371,CRITICAL: RaftarXpress delivery van hit and damaged parked car in Gulberg Lahore,Rider unprofessional conduct or impolite communication during delivery interaction,RULE-047,RTO package stalled at regional transit hub for >10 days without movement scan,RULE-086,Company delivery vehicle involved in road traffic accident resulting in property damage,yes,high,no,"Company van hit a parked car and fled, a road traffic accident causing property damage (PKR 45,000).",SAFETY,RECKLESS_DRIVING_SAFETY_RISK,SAFETY,CRITICAL,P0,CRITICAL_MGMT
CMP-00372,Motorcycle delivery rider riding on pedestrian sidewalk at high speed in Karachi,Rider unprofessional conduct or impolite communication during delivery interaction,RULE-047,RTO package stalled at regional transit hub for >10 days without movement scan,RULE-085,Citizen reports courier van driving recklessly / speeding in residential neighborhood,yes,high,no,Courier motorcycle speeding on a sidewalk and nearly hitting a pedestrian is reckless driving reported by a citizen.,SAFETY,RECKLESS_DRIVING_SAFETY_RISK,SAFETY,HIGH,P1,SUPERVISOR
CMP-00373,Delivery van knocked down residential garden gate pillar in Sector F-7 Islamabad,Rider unprofessional conduct or impolite communication during delivery interaction,RULE-047,RTO package stalled at regional transit hub for >10 days without movement scan,RULE-086,Company delivery vehicle involved in road traffic accident resulting in property damage,yes,high,no,"Company van struck and cracked a residential gate pillar (PKR 22,000), a vehicle accident with property damage.",SAFETY,RECKLESS_DRIVING_SAFETY_RISK,SAFETY,CRITICAL,P0,CRITICAL_MGMT
CMP-00374,Freight container truck driver driving aggressively on M-2 Motorway near Kallar Kahar,Commercial freight delivery delayed under 6 hours without contractual SLA breach,RULE-034,"Dispute over volumetric vs dead weight calculation resulting in minor overcharge (< PKR 1,000)",RULE-085,Citizen reports courier van driving recklessly / speeding in residential neighborhood,yes,high,no,Freight truck tailgating and swerving on the motorway (ticket issued) is reckless driving by a company vehicle.,SAFETY,RECKLESS_DRIVING_SAFETY_RISK,SAFETY,HIGH,P1,SUPERVISOR
CMP-00375,Rider carrying oversized parcel obstructing motorcycle handlebars and mirror view,Shipper demands pickup of unpackaged unsealed goods without compliant barcode labeling,RULE-017,Partial loss confirmed stolen from damaged outer master carton,RULE-085,Citizen reports courier van driving recklessly / speeding in residential neighborhood,yes,medium,no,"Rider carrying an oversized rod across the handlebars endangers other road users, an unsafe-riding risk.",SAFETY,RECKLESS_DRIVING_SAFETY_RISK,SAFETY,HIGH,P1,SUPERVISOR
CMP-00376,Rider dropped heavy metal parcel on customer's foot causing bruising in Sialkot,Parcel damaged in transit due to carrier handling with compliant external packaging,RULE-015,"High-value consignment lost in transit (declared value exceeding PKR 100,000 or corporate freight)",RULE-085,Citizen reports courier van driving recklessly / speeding in residential neighborhood,yes,low,no,"Customer bruised when the rider dropped a heavy parcel is a minor safety incident without a vehicle collision; RULE-087 needs a severe fleet collision, so the lowest safety rule is closest.",SAFETY,RECKLESS_DRIVING_SAFETY_RISK,SAFETY,HIGH,P1,SUPERVISOR
CMP-00377,Delivery rider smoking cigarette inside warehouse fulfillment dispatch area in Multan,Merchant disputes internal warehouse inventory location tracking without physical unit loss,RULE-055,Merchant requests standard update to pickup warehouse address or contact phone number,RULE-085,Citizen reports courier van driving recklessly / speeding in residential neighborhood,yes,low,no,Rider smoking next to flammable packaging in the hub is unsafe courier conduct; no fire occurred and no hazardous parcel is involved.,SAFETY,RECKLESS_DRIVING_SAFETY_RISK,SAFETY,HIGH,P1,SUPERVISOR
CMP-00378,Courier van parked blocking emergency hospital ambulance entrance in Hyderabad,Rider unprofessional conduct or impolite communication during delivery interaction,RULE-047,RTO package stalled at regional transit hub for >10 days without movement scan,RULE-085,Citizen reports courier van driving recklessly / speeding in residential neighborhood,yes,medium,no,"Courier van blocking a hospital emergency entrance is a public-safety infraction by a company vehicle, reported by a citizen.",SAFETY,RECKLESS_DRIVING_SAFETY_RISK,SAFETY,HIGH,P1,SUPERVISOR
CMP-00379,Rider helmet unbuckled and using mobile phone while riding in Lahore traffic,Rider unprofessional conduct or impolite communication during delivery interaction,RULE-047,RTO package stalled at regional transit hub for >10 days without movement scan,RULE-085,Citizen reports courier van driving recklessly / speeding in residential neighborhood,yes,high,no,Rider texting while riding at 60 km/h with helmet unbuckled is reckless riding reported by a citizen.,SAFETY,RECKLESS_DRIVING_SAFETY_RISK,SAFETY,HIGH,P1,SUPERVISOR
CMP-00380,Delivery vehicle fluid leak oil stain on client cleanroom driveway in Sundar Industrial Estate,Commercial freight delivery delayed under 6 hours without contractual SLA breach,RULE-034,"Dispute over volumetric vs dead weight calculation resulting in minor overcharge (< PKR 1,000)",RULE-086,Company delivery vehicle involved in road traffic accident resulting in property damage,yes,low,no,"Company freight truck leaked oil onto the client's driveway, vehicle-caused property damage but not a traffic accident.",SAFETY,RECKLESS_DRIVING_SAFETY_RISK,SAFETY,CRITICAL,P0,CRITICAL_MGMT
CMP-00381,CRITICAL BIOHAZARD: Unmarked acid bottle leaked in courier transit van in Karachi,Shipper attempts booking prohibited hazardous materials / dangerous goods without IATA compliance,RULE-077,Insured payout delayed past 30 days due to missing underwriter surveyor sign-off,RULE-090,Commercial freight shipment found to contain undeclared toxic industrial chemicals / acids,yes,high,no,"Undeclared, unlabelled concentrated acid ruptured and gave off toxic fumes, the undeclared toxic chemicals/acids rule.",SAFETY,HAZARDOUS_MATERIAL_MISHANDLING,SAFETY,CRITICAL,P0,CRITICAL_MGMT
CMP-00382,Lithium battery pack caught fire inside aircraft cargo pallet at Islamabad Airport,Shipper attempts booking prohibited hazardous materials / dangerous goods without IATA compliance,RULE-077,Insured payout delayed past 30 days due to missing underwriter surveyor sign-off,RULE-089,Consignment of undeclared lithium batteries catches fire / emits smoke in regional sortation center,yes,high,no,Undeclared lithium batteries went into thermal runaway and caught fire during cargo handling.,SAFETY,HAZARDOUS_MATERIAL_MISHANDLING,SAFETY,CRITICAL,P0,CRITICAL_MGMT
CMP-00383,Strong toxic pesticide fumes emanating from freight consignment in Multan Hub FWD-3391028,Shipper attempts booking prohibited hazardous materials / dangerous goods without IATA compliance,RULE-077,Insured payout delayed past 30 days due to missing underwriter surveyor sign-off,RULE-090,Commercial freight shipment found to contain undeclared toxic industrial chemicals / acids,yes,high,no,Unlabelled pesticide drums leaking toxic vapour and injuring workers is undeclared toxic chemicals in commercial freight.,SAFETY,HAZARDOUS_MATERIAL_MISHANDLING,SAFETY,CRITICAL,P0,CRITICAL_MGMT
CMP-00384,Consignment containing commercial fireworks intercepted at Lahore parcel hub,Shipper attempts booking prohibited hazardous materials / dangerous goods without IATA compliance,RULE-077,Insured payout delayed past 30 days due to missing underwriter surveyor sign-off,RULE-090,Commercial freight shipment found to contain undeclared toxic industrial chemicals / acids,yes,medium,no,Explosive fireworks booked under a false description are undeclared dangerous goods; closest is the critical undeclared-hazardous-substance rule.,SAFETY,HAZARDOUS_MATERIAL_MISHANDLING,SAFETY,CRITICAL,P0,CRITICAL_MGMT
CMP-00385,Medical diagnostic blood samples delivered without biohazard container in Peshawar,Shipper requesting booking approval for raw perishable food items via ambient courier network,RULE-020,"Total breakage of fragile contents due to rough transit handling (value < PKR 15,000)",RULE-088,Hub staff identifies parcel emitting pungent odor / small non-toxic cosmetic liquid leak,yes,low,no,Blood samples shipped without biohazard packaging with one cracked vial is a small-leak hazardous-material handling issue found in transit.,SAFETY,HAZARDOUS_MATERIAL_MISHANDLING,SAFETY,MEDIUM,P2,SPECIALIST
CMP-00386,Industrial solvent paint thinner leaking from freight truck onto motorway near Sukkur,Shipper attempts booking prohibited hazardous materials / dangerous goods without IATA compliance,RULE-077,Insured payout delayed past 30 days due to missing underwriter surveyor sign-off,RULE-090,Commercial freight shipment found to contain undeclared toxic industrial chemicals / acids,yes,high,no,Drums of flammable industrial solvent leaking from a freight truck is hazardous industrial chemicals in commercial freight.,SAFETY,HAZARDOUS_MATERIAL_MISHANDLING,SAFETY,CRITICAL,P0,CRITICAL_MGMT
CMP-00387,Broken glass chemical reagents contaminated 8 adjacent e-commerce parcels in Sialkot,Damage to fragile or glassware items shipped without declared fragile handling,RULE-016,"Multi-piece consignment missing 1 of N boxes, standard commercial cargo",RULE-088,Hub staff identifies parcel emitting pungent odor / small non-toxic cosmetic liquid leak,yes,medium,no,"Shattered reagent bottles spilled dye and a chemical odour onto nearby parcels, a small non-critical chemical leak.",SAFETY,HAZARDOUS_MATERIAL_MISHANDLING,SAFETY,MEDIUM,P2,SPECIALIST
CMP-00388,Rider transport of pressurized LPG gas camping canister on motorcycle in Rawalpindi,Shipper attempts booking prohibited hazardous materials / dangerous goods without IATA compliance,RULE-077,Insured payout delayed past 30 days due to missing underwriter surveyor sign-off,RULE-088,Hub staff identifies parcel emitting pungent odor / small non-toxic cosmetic liquid leak,yes,low,no,Pressurized gas canister accepted and carried on a motorcycle is hazardous-material mishandling with no incident.,SAFETY,HAZARDOUS_MATERIAL_MISHANDLING,SAFETY,MEDIUM,P2,SPECIALIST
CMP-00389,Rotting raw seafood parcel maggots infesting sorting conveyor in Faisalabad Hub,Shipper requesting booking approval for raw perishable food items via ambient courier network,RULE-020,"Total breakage of fragile contents due to rough transit handling (value < PKR 15,000)",RULE-088,Hub staff identifies parcel emitting pungent odor / small non-toxic cosmetic liquid leak,yes,medium,no,"Rotting seafood burst on the conveyor with a pungent odour, a hub-identified parcel odour/leak hazard.",SAFETY,HAZARDOUS_MATERIAL_MISHANDLING,SAFETY,MEDIUM,P2,SPECIALIST
CMP-00390,Industrial dry ice parcel sublimated causing oxygen displacement in sealed delivery van,Shipper attempts booking prohibited hazardous materials / dangerous goods without IATA compliance,RULE-077,Insured payout delayed past 30 days due to missing underwriter surveyor sign-off,RULE-090,Commercial freight shipment found to contain undeclared toxic industrial chemicals / acids,yes,low,no,"Dry ice in a sealed van nearly asphyxiated the driver; a hazardous-substance incident with health effects, closest to the critical hazmat rule.",SAFETY,HAZARDOUS_MATERIAL_MISHANDLING,SAFETY,CRITICAL,P0,CRITICAL_MGMT
CMP-00391,Delivery rider entered private home backyard unauthorized in DHA Lahore,Rider unprofessional conduct or impolite communication during delivery interaction,RULE-047,RTO package stalled at regional transit hub for >10 days without movement scan,RULE-067,Customer reports rider spoke discourteously or showed impatient attitude during delivery,yes,low,no,"Rider entered a private backyard uninvited while calling for the owner, unprofessional conduct with no threats or profanity.",STAFF_BEHAVIOR,RUDE_RIDER_DRIVER_BEHAVIOR,LOGISTICS_OPS,MEDIUM,P2,SUPERVISOR
CMP-00392,Rider verbally threatened customer and used abusive profanity after argument over COD change in Karachi,Rider unprofessional conduct or impolite communication during delivery interaction,RULE-047,RTO package stalled at regional transit hub for >10 days without movement scan,RULE-068,"Rider used profanity, verbal threats, or aggressive harassment towards customer",yes,high,no,"Rider cursed, banged on the gate and threatened the customer, which is verbal threats and profanity.",STAFF_BEHAVIOR,RUDE_RIDER_DRIVER_BEHAVIOR,LOGISTICS_OPS,CRITICAL,P0,CRITICAL_MGMT
CMP-00393,Warehouse security guard demanded illegal cash bribe to clear delivery truck in Karachi,Commercial freight delivery delayed under 6 hours without contractual SLA breach,RULE-034,"Dispute over volumetric vs dead weight calculation resulting in minor overcharge (< PKR 1,000)",RULE-071,Rider refuses to release prepaid parcel unless customer pays unauthorized cash fee,yes,medium,no,Hub guard held the truck for 3 hours demanding a cash bribe to release the gate pass; staff withholding service until an unauthorized cash fee is paid.,STAFF_BEHAVIOR,RIDER_DEMANDING_CASH_TIP,ACCOUNT_SECURITY,CRITICAL,P0,CRITICAL_MGMT
CMP-00394,Attempted armed robbery of courier delivery rider in Korangi Industrial Area Karachi,Domestic consignment untracked at intermediate hub exceeding 72 hours,RULE-011,"Parcel dispatched to incorrect province/city (e.g., booked for Lahore, dispatched to Multan)",RULE-086,Company delivery vehicle involved in road traffic accident resulting in property damage,yes,low,no,Armed robbery attempt on a rider with parcels lost is a critical fleet-safety incident with loss of property and no injury; no robbery-specific rule exists.,SAFETY,RECKLESS_DRIVING_SAFETY_RISK,SAFETY,CRITICAL,P0,CRITICAL_MGMT
CMP-00395,Rider refused to leave customer office premises after delivery argument in Islamabad,Rider unprofessional conduct or impolite communication during delivery interaction,RULE-047,RTO package stalled at regional transit hub for >10 days without movement scan,RULE-068,"Rider used profanity, verbal threats, or aggressive harassment towards customer",yes,low,no,"Rider staged a 45-minute intimidating scene in the office until security was called, aggressive harassment.",STAFF_BEHAVIOR,RUDE_RIDER_DRIVER_BEHAVIOR,LOGISTICS_OPS,CRITICAL,P0,CRITICAL_MGMT
CMP-00396,Delivery staff photographed confidential client design blueprints on office desk,Rider unprofessional conduct or impolite communication during delivery interaction,RULE-047,RTO package stalled at regional transit hub for >10 days without movement scan,RULE-079,Customer reports courier sent unsolicited personal message on WhatsApp after delivery,yes,low,no,"Courier photographed a VIP client's confidential blueprints, a confidentiality/privacy breach by courier personnel.",PRIVACY,DATA_PRIVACY_BREACH,ACCOUNT_SECURITY,HIGH,P1,SUPERVISOR
CMP-00397,Physical altercation between delivery rider and apartment complex security guard in Clifton Karachi,Rider unprofessional conduct or impolite communication during delivery interaction,RULE-047,RTO package stalled at regional transit hub for >10 days without movement scan,RULE-068,"Rider used profanity, verbal threats, or aggressive harassment towards customer",yes,medium,no,"Rider got into a physical fistfight at the delivery site with police attending, aggressive violent conduct.",STAFF_BEHAVIOR,RUDE_RIDER_DRIVER_BEHAVIOR,LOGISTICS_OPS,CRITICAL,P0,CRITICAL_MGMT
CMP-00398,Rider demanded extra personal tip under threat of withholding parcel in Peshawar,Rider unprofessional conduct or impolite communication during delivery interaction,RULE-047,RTO package stalled at regional transit hub for >10 days without movement scan,RULE-071,Rider refuses to release prepaid parcel unless customer pays unauthorized cash fee,yes,high,no,"Rider refused to hand over a prepaid parcel unless given a PKR 200 tip, which is exactly RULE-071.",STAFF_BEHAVIOR,RIDER_DEMANDING_CASH_TIP,ACCOUNT_SECURITY,CRITICAL,P0,CRITICAL_MGMT
CMP-00399,Suspicious package containing white crystalline powder leaking at sorting hub in Faisalabad,Shipper attempts booking prohibited hazardous materials / dangerous goods without IATA compliance,RULE-077,Insured payout delayed past 30 days due to missing underwriter surveyor sign-off,RULE-090,Commercial freight shipment found to contain undeclared toxic industrial chemicals / acids,yes,medium,no,"Unknown chemical powder leaking at the hub caused skin irritation in staff, an undeclared hazardous substance incident.",SAFETY,HAZARDOUS_MATERIAL_MISHANDLING,SAFETY,CRITICAL,P0,CRITICAL_MGMT
CMP-00400,Delivery rider stalked female customer at gym location after finding her name on parcel in Lahore,Rider unprofessional conduct or impolite communication during delivery interaction,RULE-047,RTO package stalled at regional transit hub for >10 days without movement scan,RULE-068,"Rider used profanity, verbal threats, or aggressive harassment towards customer",yes,medium,no,"Rider found the customer online and stalked her at her gym, criminal harassment at the most severe conduct level.",STAFF_BEHAVIOR,RUDE_RIDER_DRIVER_BEHAVIOR,LOGISTICS_OPS,CRITICAL,P0,CRITICAL_MGMT
CMP-00401,CRITICAL VIP ESCALATION: 500 Corporate Gift Hampers Delayed for Annual Gala VIP-101,Express domestic consignment delayed past promised SLA window,RULE-001,Standard domestic transit delay under 24 hours without perishable contents,RULE-100,VIP consumer shipment misses guaranteed overnight delivery commitment by 4 hours,yes,medium,no,"VIP account's consignment missed its promised window before the event, a VIP delivery SLA breach.",SERVICE_QUALITY,EXECUTIVE_SLA_BREACH,MGMT_ESCALATIONS,HIGH,P1,SUPERVISOR
CMP-00402,Automotive Assembly Line Shutdown Risk: 40-Ton Steel Coils Delayed FWD-9918201,Commercial freight delivery delayed under 6 hours without contractual SLA breach,RULE-034,"Dispute over volumetric vs dead weight calculation resulting in minor overcharge (< PKR 1,000)",RULE-001,Standard domestic transit delay under 24 hours without perishable contents,yes,medium,no,"Corporate freight 8 hours late is a domestic delay under 24 hours; production impact is context, not a different rule.",DELIVERY,DELAYED_DELIVERY,LOGISTICS_OPS,MEDIUM,P2,NONE
CMP-00403,Cold Chain Insulin Consignment Delayed at Lahore Cargo Terminal VIP-330,Shipper requesting booking approval for raw perishable food items via ambient courier network,RULE-020,"Total breakage of fragile contents due to rough transit handling (value < PKR 15,000)",RULE-003,"Delayed delivery containing urgent medical supplies, life-saving drugs or temperature-sensitive goods",yes,high,no,Delayed cold-chain insulin whose temperature is rising is delayed temperature-sensitive life-saving medicine.,DELIVERY,DELAYED_DELIVERY,LOGISTICS_OPS,CRITICAL,P0,CRITICAL_MGMT
CMP-00404,"Enterprise ERP EDI Webhook Stream Failed for 10,000 Daily Orders CORP-505",Merchant requesting security policy waiver or disabling of mandatory multi-factor authentication,RULE-067,Customer reports rider spoke discourteously or showed impatient attitude during delivery,RULE-066,"Enterprise corporate client API gateway completely down, blocking all nationwide bookings",yes,medium,no,"Enterprise client's EDI/webhook integration is down with 10,000 orders stalled, the corporate API-gateway-down rule (same convention as CMP-00021).",TECHNICAL_SUPPORT,API_WEBHOOK_FAILURE,CUSTOMER_RELATIONS,CRITICAL,P0,CRITICAL_MGMT
CMP-00405,Oil & Gas Drilling Rig Replacement Drill Bit Delayed in Sukkur FWD-4410291,Commercial freight delivery delayed under 6 hours without contractual SLA breach,RULE-034,"Dispute over volumetric vs dead weight calculation resulting in minor overcharge (< PKR 1,000)",RULE-001,Standard domestic transit delay under 24 hours without perishable contents,yes,medium,no,Corporate freight drill bit stuck at a hub for a same-day delivery is a domestic delay under 24 hours; the downtime cost is context.,DELIVERY,DELAYED_DELIVERY,LOGISTICS_OPS,MEDIUM,P2,NONE
CMP-00406,VIP Diamond Tier: Missing Prototype Hardware Board for Tech Summit CN-1029384752,Domestic consignment untracked at intermediate hub exceeding 72 hours,RULE-011,"Parcel dispatched to incorrect province/city (e.g., booked for Lahore, dispatched to Multan)",RULE-100,VIP consumer shipment misses guaranteed overnight delivery commitment by 4 hours,yes,low,no,"VIP prototype untracked for 24 hours with a deadline the next day; closest is the VIP SLA rule, since the tracking thresholds (12h/48h) and the lost-parcel threshold are not met.",SERVICE_QUALITY,EXECUTIVE_SLA_BREACH,MGMT_ESCALATIONS,HIGH,P1,SUPERVISOR
CMP-00407,"Textile Export Consignment 2,000 Cartons Missing Vessel Cutoff at Port Qasim FWD-7710293",Commercial freight delivery delayed under 6 hours without contractual SLA breach,RULE-034,"Dispute over volumetric vs dead weight calculation resulting in minor overcharge (< PKR 1,000)",RULE-001,Standard domestic transit delay under 24 hours without perishable contents,yes,medium,no,"Corporate export trucks delayed in traffic before the vessel cutoff, a domestic delay under 24 hours.",DELIVERY,DELAYED_DELIVERY,LOGISTICS_OPS,MEDIUM,P2,NONE
CMP-00408,VIP Merchant COD Remittance PKR 18.5 Million Blocked in Banking Switch MER-001,Merchant requesting premature COD payout before standard reconciliation cycle,RULE-024,Misdelivered parcel contains confidential corporate data or restricted goods,RULE-037,Merchant COD remittance delayed past standard Wednesday cycle due to bank holiday,yes,low,no,"VIP COD remittance failed to credit because of a bank-clearing mismatch, a bank-caused remittance delay; not overdue >7 days and no legal threat, so RULE-038/039 do not apply despite PKR 18.5M.",BILLING,COD_REMITTANCE_DELAY,BILLING,LOW,P3,NONE
CMP-00409,Customs Bonded Warehouse Tamper Alert: High-Value Electronics Pallet FWD-1102934,Merchant disputes internal warehouse inventory location tracking without physical unit loss,RULE-055,Merchant requests standard update to pickup warehouse address or contact phone number,RULE-025,Parcel received with broken security tape but all items accounted for and intact,yes,medium,no,"Broken bolt seal on a high-value pallet in the bonded warehouse with no loss confirmed yet, a security-seal breach pending count.",PRODUCT_DEFECT,TAMPERED_PACKAGING,ACCOUNT_SECURITY,MEDIUM,P2,SUPERVISOR
CMP-00410,Pharmaceutical Raw Active Ingredients Chemical drums damaged in Multan FWD-6601928,Parcel damaged in transit due to carrier handling with compliant external packaging,RULE-015,"High-value consignment lost in transit (declared value exceeding PKR 100,000 or corporate freight)",RULE-021,"Catastrophic damage to commercial freight / industrial equipment exceeding PKR 100,000",yes,high,no,"Pharmaceutical ingredient drums damaged in commercial freight with a PKR 3.2M loss, catastrophic freight damage above PKR 100,000.",PRODUCT_DEFECT,DAMAGED_PARCEL,WARRANTY_CLAIMS,CRITICAL,P0,CRITICAL_MGMT
CMP-00411,VIP Executive Flight Passport & Diplomatic Visa Consignment Delayed CN-7701928341,Express domestic consignment delayed past promised SLA window,RULE-001,Standard domestic transit delay under 24 hours without perishable contents,RULE-100,VIP consumer shipment misses guaranteed overnight delivery commitment by 4 hours,yes,medium,no,"VIP diplomatic pouch stuck at a hub past its promised window before the flight, a VIP delivery SLA breach.",SERVICE_QUALITY,EXECUTIVE_SLA_BREACH,MGMT_ESCALATIONS,HIGH,P1,SUPERVISOR
CMP-00412,Fertilizer Plant Heavy Turbine Rotor Transport breakdown on N-5 Highway FWD-5510293,Commercial freight delivery delayed under 6 hours without contractual SLA breach,RULE-034,"Dispute over volumetric vs dead weight calculation resulting in minor overcharge (< PKR 1,000)",RULE-001,Standard domestic transit delay under 24 hours without perishable contents,yes,medium,no,"Heavy trailer broke down (hydraulic failure) in transit, a corporate freight delay with no accident or cargo damage.",DELIVERY,DELAYED_DELIVERY,LOGISTICS_OPS,MEDIUM,P2,NONE
CMP-00413,"E-Commerce Mega Sale 50,000 Parcels Merchant Hub Outbound Gridlock MER-010",Scheduled bulk merchant pickup missed due to vehicle breakdown or route delay,RULE-061,Single user reports mobile tracking app crashes on specific older Android OS version,RULE-101,"Nationwide severe linehaul breakdown causing systemic SLA failure across 1,000+ consignments",yes,medium,no,"50,000 consignments backed up for lack of linehaul dispatch capacity, a systemic linehaul failure across 1,000+ consignments.",SERVICE_QUALITY,EXECUTIVE_SLA_BREACH,MGMT_ESCALATIONS,CRITICAL,P0,CRITICAL_MGMT
CMP-00414,Power Generation Plant Transformer Oil Leaking from Freight Trailer FWD-2201938,Shipper attempts booking prohibited hazardous materials / dangerous goods without IATA compliance,RULE-077,Insured payout delayed past 30 days due to missing underwriter surveyor sign-off,RULE-090,Commercial freight shipment found to contain undeclared toxic industrial chemicals / acids,yes,low,no,Large leak of transformer oil from a freight ISO tank with fire and environmental hazard; the critical hazardous-industrial-liquid rule is closest.,SAFETY,HAZARDOUS_MATERIAL_MISHANDLING,SAFETY,CRITICAL,P0,CRITICAL_MGMT
CMP-00415,"VIP Banking Client: 10,000 Blank EMV Chip Cards Delayed in Transit VIP-202",Domestic consignment untracked at intermediate hub exceeding 72 hours,RULE-011,"Parcel dispatched to incorrect province/city (e.g., booked for Lahore, dispatched to Multan)",RULE-100,VIP consumer shipment misses guaranteed overnight delivery commitment by 4 hours,yes,medium,no,"VIP banking consignment missed its secure scheduled window by 24 hours (more than 4 hours), a VIP delivery SLA breach.",SERVICE_QUALITY,EXECUTIVE_SLA_BREACH,MGMT_ESCALATIONS,HIGH,P1,SUPERVISOR
CMP-00416,Telecommunications Tower Battery Bank Consignment Stuck in Peshawar Hub FWD-8819203,Commercial freight delivery delayed under 6 hours without contractual SLA breach,RULE-034,"Dispute over volumetric vs dead weight calculation resulting in minor overcharge (< PKR 1,000)",RULE-001,Standard domestic transit delay under 24 hours without perishable contents,yes,medium,no,"Corporate freight batteries delayed at a hub, a domestic delay under 24 hours; the downstream outage is context.",DELIVERY,DELAYED_DELIVERY,LOGISTICS_OPS,MEDIUM,P2,NONE
CMP-00417,FMCG Corporate Client Invoicing Error of PKR 4.5 Million Across 12 Branches CORP-331,Client disputes line-haul freight invoice after successful delivery completion,RULE-034,"Dispute over volumetric vs dead weight calculation resulting in minor overcharge (< PKR 1,000)",RULE-032,Merchant corporate freight account billed twice on monthly consolidated billing statement,yes,medium,no,"Duplicate billing entries on a corporate client's monthly freight statement, which is exactly RULE-032 (duplicate charge on the monthly consolidated statement).",BILLING,DUPLICATE_CHARGE,BILLING,HIGH,P1,SUPERVISOR
CMP-00418,VIP Merchant Brand Protection: 200 Counterfeit Return Scams at Hub VIP-441,Merchant disputes contractual reverse logistics RTO handling and transit charges,RULE-031,Customer online portal shows two identical invoice charges for a single consignment booking,RULE-048,Merchant alleges high-value RTO parcel swapped with inferior merchandise during reverse transit,yes,high,no,Returned designer garments swapped for rags inside RTO flyers is high-value RTO merchandise swapped during reverse transit.,REFUND,RTO_PROCESSING_DELAY,RETURNS_REFUNDS,CRITICAL,P0,DEPT_MANAGER
CMP-00419,Aviation Jet Engine Spare Part AOG (Aircraft On Ground) Delayed in Karachi CN-9901827,Express domestic consignment delayed past promised SLA window,RULE-001,Standard domestic transit delay under 24 hours without perishable contents,RULE-001,Standard domestic transit delay under 24 hours without perishable contents,no,medium,no,"Corporate aircraft-on-ground part delayed at the cargo gate, a domestic delay under 24 hours; the grounded aircraft is context.",DELIVERY,DELAYED_DELIVERY,LOGISTICS_OPS,MEDIUM,P2,NONE
CMP-00420,Government Tender Documents Submission Deadline 2:00 PM in Islamabad CN-1029384,Express domestic consignment delayed past promised SLA window,RULE-001,Standard domestic transit delay under 24 hours without perishable contents,RULE-100,VIP consumer shipment misses guaranteed overnight delivery commitment by 4 hours,yes,medium,no,"VIP tender consignment running late against a hard deadline, a VIP delivery SLA breach.",SERVICE_QUALITY,EXECUTIVE_SLA_BREACH,MGMT_ESCALATIONS,HIGH,P1,SUPERVISOR
CMP-00421,Cold Chain Blood Plasma Transport Temperature Recorder Battery Died CN-5501928,Shipper requesting booking approval for raw perishable food items via ambient courier network,RULE-020,"Total breakage of fragile contents due to rough transit handling (value < PKR 15,000)",RULE-003,"Delayed delivery containing urgent medical supplies, life-saving drugs or temperature-sensitive goods",yes,low,no,"Life-saving frozen plasma in transit with a failed temperature logger; the temperature-sensitive medical rule is closest, although no delay is stated.",DELIVERY,DELAYED_DELIVERY,LOGISTICS_OPS,CRITICAL,P0,CRITICAL_MGMT
CMP-00422,National Grid High-Voltage Insulators Shattered in Freight Truck FWD-3391028,Damage to fragile or glassware items shipped without declared fragile handling,RULE-016,"Multi-piece consignment missing 1 of N boxes, standard commercial cargo",RULE-021,"Catastrophic damage to commercial freight / industrial equipment exceeding PKR 100,000",yes,high,no,"Grid insulators cracked in commercial freight with a PKR 6.8M claim, catastrophic freight damage above PKR 100,000.",PRODUCT_DEFECT,DAMAGED_PARCEL,WARRANTY_CLAIMS,CRITICAL,P0,CRITICAL_MGMT
CMP-00423,VIP Fashion Retailer Nationwide Warehouse Fulfillment Stockout MER-005,Scheduled bulk merchant pickup missed due to vehicle breakdown or route delay,RULE-061,Single user reports mobile tracking app crashes on specific older Android OS version,RULE-101,"Nationwide severe linehaul breakdown causing systemic SLA failure across 1,000+ consignments",yes,low,no,"12,000 VIP consignments unscanned at a hub for 36 hours, causing mass cancellations, a systemic SLA failure across 1,000+ consignments.",SERVICE_QUALITY,EXECUTIVE_SLA_BREACH,MGMT_ESCALATIONS,CRITICAL,P0,CRITICAL_MGMT
CMP-00424,Export Seafood Reefer Container Temperature Setting Error at Port Qasim FWD-990182,Shipper requesting booking approval for raw perishable food items via ambient courier network,RULE-020,"Total breakage of fragile contents due to rough transit handling (value < PKR 15,000)",RULE-003,"Delayed delivery containing urgent medical supplies, life-saving drugs or temperature-sensitive goods",yes,low,no,Reefer container of frozen seafood set to the wrong temperature puts temperature-sensitive goods at risk; closest is the temperature-sensitive rule.,DELIVERY,DELAYED_DELIVERY,LOGISTICS_OPS,CRITICAL,P0,CRITICAL_MGMT
CMP-00425,VIP Banking Group Board Meeting Audio Equipment Missing in Islamabad CN-8820193,Domestic consignment untracked at intermediate hub exceeding 72 hours,RULE-011,"Parcel dispatched to incorrect province/city (e.g., booked for Lahore, dispatched to Multan)",RULE-100,VIP consumer shipment misses guaranteed overnight delivery commitment by 4 hours,yes,low,no,"VIP high-value equipment missing from the delivery manifest a day before an event; lost-parcel thresholds are unmet, so the VIP SLA rule is closest.",SERVICE_QUALITY,EXECUTIVE_SLA_BREACH,MGMT_ESCALATIONS,HIGH,P1,SUPERVISOR
CMP-00426,Polite inquiry regarding delivery time window in Clifton Karachi CN-4410293,Standard domestic transit delay under 24 hours without perishable contents,RULE-001,Standard domestic transit delay under 24 hours without perishable contents,RULE-001,Standard domestic transit delay under 24 hours without perishable contents,no,medium,yes,"Polite ETA question on a parcel that is not delayed, an informational inquiry; closest delivery rule.",DELIVERY,DELAYED_DELIVERY,LOGISTICS_OPS,MEDIUM,P2,NONE
CMP-00427,Outer plastic flyer was yellow instead of white in Lahore CN-8819203,Customer complaints regarding superficial cosmetic dust on outer packaging with intact contents,RULE-018,"High-value partial theft with total missing item value > PKR 100,000",RULE-019,Minor outer carton denting with internal goods completely undamaged,yes,medium,yes,"Feedback on flyer colour with contents in perfect condition, a cosmetic outer-packaging note with goods undamaged.",PRODUCT_DEFECT,DAMAGED_PARCEL,WARRANTY_CLAIMS,LOW,P3,NONE
CMP-00428,Rider didn't have Rs 10 change so rounded off in Islamabad CN-5501928,Rider lacks exact currency change for high-denomination currency banknote at delivery,RULE-046,Failed delivery consignment held in hub awaiting scheduled weekly RTO consolidation,RULE-070,"Rider verbally asks for tip / round-up change on prepaid shipment, customer refused and received parcel",yes,low,yes,"Rs 10 change rounded off by mutual agreement with good service, minor feedback; closest is the round-up-change rule.",STAFF_BEHAVIOR,RIDER_DEMANDING_CASH_TIP,ACCOUNT_SECURITY,MEDIUM,P2,SUPERVISOR
CMP-00429,Tracking portal dark mode option request on mobile website USR-8819,Customer reporting tracking portal accessibility latency caused by client mobile connection,RULE-068,"Rider used profanity, verbal threats, or aggressive harassment towards customer",RULE-061,Single user reports mobile tracking app crashes on specific older Android OS version,yes,low,yes,"Dark-mode feature request, UI feedback from a single user; closest is the low-priority single-user app rule.",TECHNICAL_SUPPORT,APP_CRASH,CUSTOMER_RELATIONS,LOW,P3,NONE
CMP-00430,Merchant monthly invoice font size slightly small in PDF MER-1102,Merchant disputes fulfilled logistics billing without operational failure or SLA breach,RULE-071,Rider refuses to release prepaid parcel unless customer pays unauthorized cash fee,RULE-034,"Dispute over volumetric vs dead weight calculation resulting in minor overcharge (< PKR 1,000)",yes,low,yes,"Request for a larger invoice PDF font, cosmetic billing feedback; closest is the low-priority billing rule.",BILLING,INCORRECT_CHARGE,BILLING,LOW,P3,NONE
CMP-00431,Courier flyer tape was extra sticky in Faisalabad CN-3301928,Customer complaints regarding superficial cosmetic dust on outer packaging with intact contents,RULE-018,"High-value partial theft with total missing item value > PKR 100,000",RULE-019,Minor outer carton denting with internal goods completely undamaged,yes,medium,yes,"Praise for secure tape with a suggestion to add a tear tab, packaging feedback on an intact on-time delivery.",PRODUCT_DEFECT,DAMAGED_PARCEL,WARRANTY_CLAIMS,LOW,P3,NONE
CMP-00432,Inquiry regarding Eid holiday operational booking cutoff dates MER-4402,Standard domestic transit delay under 24 hours without perishable contents,RULE-001,Standard domestic transit delay under 24 hours without perishable contents,RULE-001,Standard domestic transit delay under 24 hours without perishable contents,no,low,yes,"Merchant asking for holiday booking cutoff dates, an informational inquiry; kept on the original closest delivery rule.",DELIVERY,DELAYED_DELIVERY,LOGISTICS_OPS,MEDIUM,P2,NONE
CMP-00433,Rider rang doorbell twice instead of calling phone in Rawalpindi CN-7710293,Rider unprofessional conduct or impolite communication during delivery interaction,RULE-047,RTO package stalled at regional transit hub for >10 days without movement scan,RULE-067,Customer reports rider spoke discourteously or showed impatient attitude during delivery,yes,low,yes,"Preference to be phoned rather than have the doorbell rung; the rider did nothing wrong, so it is minor conduct feedback.",STAFF_BEHAVIOR,RUDE_RIDER_DRIVER_BEHAVIOR,LOGISTICS_OPS,MEDIUM,P2,SUPERVISOR
CMP-00434,Delivery tracking SMS had a minor typo in rider name CN-9918203,Customer reporting tracking portal accessibility latency caused by client mobile connection,RULE-068,"Rider used profanity, verbal threats, or aggressive harassment towards customer",RULE-058,Consignment tracking scan stationary for 12 hours during overnight inter-city linehaul,yes,low,yes,"Typo in the rider name in the tracking SMS on a delivered parcel, a minor tracking-notification data correction.",TECHNICAL_SUPPORT,TRACKING_NOT_UPDATING,CUSTOMER_RELATIONS,LOW,P3,NONE
CMP-00435,Merchant requesting PDF copy of past month paid invoice MER-8819,Merchant disputes fulfilled logistics billing without operational failure or SLA breach,RULE-071,Rider refuses to release prepaid parcel unless customer pays unauthorized cash fee,RULE-034,"Dispute over volumetric vs dead weight calculation resulting in minor overcharge (< PKR 1,000)",yes,low,yes,"Routine request for a duplicate invoice PDF, an accounting request; closest is the low-priority billing rule.",BILLING,INCORRECT_CHARGE,BILLING,LOW,P3,NONE
CMP-00436,App notification sound volume is slightly loud on Android USR-3301,Customer reporting tracking portal accessibility latency caused by client mobile connection,RULE-068,"Rider used profanity, verbal threats, or aggressive harassment towards customer",RULE-061,Single user reports mobile tracking app crashes on specific older Android OS version,yes,medium,yes,"Notification chime too loud on one Android device, single-user app feedback.",TECHNICAL_SUPPORT,APP_CRASH,CUSTOMER_RELATIONS,LOW,P3,NONE
CMP-00437,Rider vehicle was clean and delivery was smooth in Sialkot CN-6601928,Rider unprofessional conduct or impolite communication during delivery interaction,RULE-047,RTO package stalled at regional transit hub for >10 days without movement scan,RULE-067,Customer reports rider spoke discourteously or showed impatient attitude during delivery,yes,low,yes,Rider commendation (praise); closest is the rider-conduct rule.,STAFF_BEHAVIOR,RUDE_RIDER_DRIVER_BEHAVIOR,LOGISTICS_OPS,MEDIUM,P2,SUPERVISOR
CMP-00438,Merchant requesting additional flyer supply reorder of 100 bags MER-5501,Merchant disputes consumed packaging supplies invoice based on commercial profit margins,RULE-072,Rider forged customer signature and pocketed change balance from large COD banknote,RULE-055,Merchant requests standard update to pickup warehouse address or contact phone number,yes,low,yes,"Merchant flyer-supply reorder, a routine merchant service request.",ACCOUNT,MERCHANT_PROFILE_UPDATE,CUSTOMER_RELATIONS,LOW,P3,NONE
CMP-00439,Tracking showed delivered 5 minutes before rider knocked in Multan CN-1102938,Standard domestic transit delay under 24 hours without perishable contents,RULE-001,Standard domestic transit delay under 24 hours without perishable contents,RULE-058,Consignment tracking scan stationary for 12 hours during overnight inter-city linehaul,yes,low,yes,"Delivered scan appeared 5 minutes before the knock on a safely delivered parcel, a trivial tracking-scan timing note.",TECHNICAL_SUPPORT,TRACKING_NOT_UPDATING,CUSTOMER_RELATIONS,LOW,P3,NONE
CMP-00440,Inquiry regarding cash-on-delivery limit for individual booking in Gujranwala,Merchant requesting premature COD payout before standard reconciliation cycle,RULE-024,Misdelivered parcel contains confidential corporate data or restricted goods,RULE-055,Merchant requests standard update to pickup warehouse address or contact phone number,yes,low,yes,"Individual asking about COD eligibility and merchant registration, a policy/account inquiry.",ACCOUNT,MERCHANT_PROFILE_UPDATE,CUSTOMER_RELATIONS,LOW,P3,NONE
CMP-00441,Merchant portal password expiration notification reminder received MER-9901,Merchant requesting security policy waiver or disabling of mandatory multi-factor authentication,RULE-067,Customer reports rider spoke discourteously or showed impatient attitude during delivery,RULE-049,Consumer portal account locked after 5 consecutive incorrect password attempts,yes,low,yes,"Merchant confirms a routine password rotation and thanks the team, no problem; closest is the password/account-lock rule.",ACCOUNT,ACCOUNT_LOCKED,CUSTOMER_RELATIONS,LOW,P3,NONE
CMP-00442,Courier box barcode label was slightly crooked in Peshawar CN-2201948,Customer complaints regarding superficial cosmetic dust on outer packaging with intact contents,RULE-018,"High-value partial theft with total missing item value > PKR 100,000",RULE-019,Minor outer carton denting with internal goods completely undamaged,yes,medium,yes,"Slightly crooked label that scanned fine on an on-time delivery, a cosmetic packaging note.",PRODUCT_DEFECT,DAMAGED_PARCEL,WARRANTY_CLAIMS,LOW,P3,NONE
CMP-00443,Request for updated rate card for corporate overland freight CORP-110,Client disputes line-haul freight invoice after successful delivery completion,RULE-034,"Dispute over volumetric vs dead weight calculation resulting in minor overcharge (< PKR 1,000)",RULE-097,Corporate freight client requests routine annual rate review and SLA contract renewal,yes,medium,yes,"Corporate client asking for the updated rate card, closest to the routine corporate rate-review rule.",SERVICE_QUALITY,SUBSCRIPTION_CONTRACT_RENEWAL,CUSTOMER_RELATIONS,LOW,P3,NONE
CMP-00444,Rider asked for landmark directions in Sector G-11 Islamabad CN-8820194,Merchant requesting mid-transit consignee address or contact modification,RULE-004,First missed delivery attempt due to customer premises locked or phone unattended,RULE-004,First missed delivery attempt due to customer premises locked or phone unattended,no,low,yes,"Rider phoned once for directions and delivered in 3 minutes, navigation feedback; closest low-priority delivery rule.",DELIVERY,MISSED_DELIVERY_ATTEMPT,LOGISTICS_OPS,LOW,P3,NONE
CMP-00445,Warehouse inventory audit report received on time and accurate MER-3309,Merchant disputes internal warehouse inventory location tracking without physical unit loss,RULE-055,Merchant requests standard update to pickup warehouse address or contact phone number,RULE-055,Merchant requests standard update to pickup warehouse address or contact phone number,no,low,yes,Merchant praises an accurate warehouse audit; kept on the original routine merchant-request rule.,ACCOUNT,MERCHANT_PROFILE_UPDATE,CUSTOMER_RELATIONS,LOW,P3,NONE
CMP-00446,Delivered 1 hour earlier than estimated slot in Quetta CN-4410294,Standard domestic transit delay under 24 hours without perishable contents,RULE-001,Standard domestic transit delay under 24 hours without perishable contents,RULE-001,Standard domestic transit delay under 24 hours without perishable contents,no,medium,yes,"Delivered an hour early and the customer thanks the team, praise; closest delivery-timing rule.",DELIVERY,DELAYED_DELIVERY,LOGISTICS_OPS,MEDIUM,P2,NONE
CMP-00447,Merchant portal bulk order CSV template column header query MER-7701,Merchant API or portal connectivity failure caused by client-side network interruption,RULE-066,"Enterprise corporate client API gateway completely down, blocking all nationwide bookings",RULE-063,Merchant bulk manifest generator crashes on CSV uploads exceeding 500 rows,yes,low,yes,"Question about the phone-number format in the bulk-upload CSV, a merchant technical inquiry; closest is the bulk manifest/CSV rule.",TECHNICAL_SUPPORT,APP_CRASH,CUSTOMER_RELATIONS,MEDIUM,P2,SPECIALIST
CMP-00448,Requesting email confirmation of delivery for corporate filing CN-5501929,Consignee disputes valid POD signed by adult family member at designated residential address,RULE-051,Merchant account locked due to suspicious automated bot scraping / API abuse,RULE-058,Consignment tracking scan stationary for 12 hours during overnight inter-city linehaul,yes,low,yes,"Request for an e-POD confirmation email, a routine delivery-confirmation (tracking) request.",TECHNICAL_SUPPORT,TRACKING_NOT_UPDATING,CUSTOMER_RELATIONS,LOW,P3,NONE
CMP-00449,Courier flyer plastic smell when unboxing shoes in Hyderabad CN-9901828,Customer complaints regarding superficial cosmetic dust on outer packaging with intact contents,RULE-018,"High-value partial theft with total missing item value > PKR 100,000",RULE-019,Minor outer carton denting with internal goods completely undamaged,yes,medium,yes,"Mild new-plastic smell with the shoes completely fine, a cosmetic packaging note on an intact delivery.",PRODUCT_DEFECT,DAMAGED_PARCEL,WARRANTY_CLAIMS,LOW,P3,NONE
CMP-00450,Merchant requesting API webhook testing sandbox credentials MER-6602,Merchant API or portal connectivity failure caused by client-side network interruption,RULE-066,"Enterprise corporate client API gateway completely down, blocking all nationwide bookings",RULE-064,Merchant reports webhook delivery notification latency of 15 minutes during peak hours,yes,low,yes,"Request for sandbox API keys, developer onboarding; closest is the lowest-severity API/webhook rule.",TECHNICAL_SUPPORT,API_WEBHOOK_FAILURE,CUSTOMER_RELATIONS,MEDIUM,P2,NONE
CMP-00451,Courteous notification regarding oncology medication thermal excursion CN-9901827,Shipper requesting booking approval for raw perishable food items via ambient courier network,RULE-020,"Total breakage of fragile contents due to rough transit handling (value < PKR 15,000)",RULE-003,"Delayed delivery containing urgent medical supplies, life-saving drugs or temperature-sensitive goods",yes,high,no,Chemotherapy drugs left 18 hours in a non-refrigerated bay are delayed temperature-sensitive life-saving medicine; the calm tone does not lower severity.,DELIVERY,DELAYED_DELIVERY,LOGISTICS_OPS,CRITICAL,P0,CRITICAL_MGMT
CMP-00452,Polite inquiry regarding judicial supreme court stay order filing deadline CN-1029384,Express domestic consignment delayed past promised SLA window,RULE-001,Standard domestic transit delay under 24 hours without perishable contents,RULE-100,VIP consumer shipment misses guaranteed overnight delivery commitment by 4 hours,yes,low,no,"VIP legal filing consignment at a hub with a same-day statutory deadline, a VIP delivery SLA risk.",SERVICE_QUALITY,EXECUTIVE_SLA_BREACH,MGMT_ESCALATIONS,HIGH,P1,SUPERVISOR
CMP-00453,Gentle heads-up on customs tax audit seizure notice for 5 freight containers FWD-8819201,Consignment seized by statutory government authorities due to shipper lack of legal tax documentation,RULE-080,Merchant manifests containing 500+ customer names and phone numbers leaked online or sent to wrong client,RULE-095,Customer shipment seized by customs due to suspicion of counterfeit trademark goods,yes,medium,no,"Customs (FBR) sealed 5 corporate containers over a valuation discrepancy, a customs seizure on suspicion of misdeclaration (same convention as CMP-00128).",CUSTOMS,REGULATORY_IMPOUNDMENT_HOLD,COMPLIANCE,HIGH,P1,SPECIALIST
CMP-00454,Routine inquiry regarding structural crack in warehouse mezzanine floor Multan FC,Merchant disputes internal warehouse inventory location tracking without physical unit loss,RULE-055,Merchant requests standard update to pickup warehouse address or contact phone number,RULE-087,Severe fleet collision involving bodily injury or fatality,yes,low,no,"Sagging structural beam under 12 tons of cargo is an imminent risk of injury or fatality; no facility rule exists, so the critical bodily-injury safety rule is closest.",SAFETY,RECKLESS_DRIVING_SAFETY_RISK,SAFETY,CRITICAL,P0,CRITICAL_MGMT
CMP-00455,Polite message regarding radioactive medical isotope tracer parcel CN-7701928,Shipper attempts booking prohibited hazardous materials / dangerous goods without IATA compliance,RULE-077,Insured payout delayed past 30 days due to missing underwriter surveyor sign-off,RULE-003,"Delayed delivery containing urgent medical supplies, life-saving drugs or temperature-sensitive goods",yes,high,no,"Short-half-life radiopharmaceutical for a cancer hospital in transit against a decay deadline, time-critical medical supplies.",DELIVERY,DELAYED_DELIVERY,LOGISTICS_OPS,CRITICAL,P0,CRITICAL_MGMT
CMP-00456,Inquiry on database SQL injection error message on merchant checkout MER-9901,Merchant requesting security policy waiver or disabling of mandatory multi-factor authentication,RULE-067,Customer reports rider spoke discourteously or showed impatient attitude during delivery,RULE-080,Merchant manifests containing 500+ customer names and phone numbers leaked online or sent to wrong client,yes,low,no,"SQL error publicly exposes database root credentials and customer password hashes, a mass online data exposure; closest is the mass-leak rule.",PRIVACY,DATA_PRIVACY_BREACH,ACCOUNT_SECURITY,CRITICAL,P0,CRITICAL_MGMT
CMP-00457,Friendly note: Chemical fumes causing minor breathing discomfort in Lahore West Hub,Shipper attempts booking prohibited hazardous materials / dangerous goods without IATA compliance,RULE-077,Insured payout delayed past 30 days due to missing underwriter surveyor sign-off,RULE-090,Commercial freight shipment found to contain undeclared toxic industrial chemicals / acids,yes,medium,no,"Leaking drum in a freight container causing breathing trouble and eye irritation in workers, a toxic chemical hazard.",SAFETY,HAZARDOUS_MATERIAL_MISHANDLING,SAFETY,CRITICAL,P0,CRITICAL_MGMT
CMP-00458,Inquiry regarding commercial aircraft charter landing clearance in Islamabad INT-8820,Consignor requests mid-air cancellation and full refund for international consignment handed over to airline,RULE-010,Parcel misrouted to incorrect local branch within same city (e.g. Clifton instead of Gulshan),RULE-092,Shipment held at provincial check-post due to missing provincial sales tax / e-way bill,yes,low,no,"Charter freight held because the company did not upload the regulatory landing permit, a shipment held for a missing mandatory regulatory document.",CUSTOMS,MISSING_CUSTOMS_DOCUMENTS,COMPLIANCE,HIGH,P1,SUPERVISOR
CMP-00459,Gentle follow-up on missing cardiac stent parcel at Faisalabad Cardiology Hospital CN-551029,Express domestic consignment delayed past promised SLA window,RULE-001,Standard domestic transit delay under 24 hours without perishable contents,RULE-003,"Delayed delivery containing urgent medical supplies, life-saving drugs or temperature-sensitive goods",yes,high,no,"Cardiac stent for same-day surgery sitting at the destination hub, delayed urgent medical supplies.",DELIVERY,DELAYED_DELIVERY,LOGISTICS_OPS,CRITICAL,P0,CRITICAL_MGMT
CMP-00460,Courteous notification regarding warehouse fire alarm failure in Karachi South FC,Merchant disputes internal warehouse inventory location tracking without physical unit loss,RULE-055,Merchant requests standard update to pickup warehouse address or contact phone number,RULE-089,Consignment of undeclared lithium batteries catches fire / emits smoke in regional sortation center,yes,low,no,"Hub fire sprinklers dry and alarms disconnected, a critical fire hazard in a sortation facility; closest is the sortation-centre fire rule.",SAFETY,HAZARDOUS_MATERIAL_MISHANDLING,SAFETY,CRITICAL,P0,CRITICAL_MGMT
CMP-00461,Polite notice: Cyber ransom note found on internal dispatch server USR-SEC-99,Merchant requesting security policy waiver or disabling of mandatory multi-factor authentication,RULE-067,Customer reports rider spoke discourteously or showed impatient attitude during delivery,RULE-054,Widespread credential-stuffing attack targeting corporate freight customer accounts,yes,low,no,Ransomware encrypting hub dispatch databases is a critical cyberattack on company systems; closest is the attack-level unauthorized-access rule.,ACCOUNT,UNAUTHORIZED_ACCOUNT_ACCESS,ACCOUNT_SECURITY,CRITICAL,P0,CRITICAL_MGMT
CMP-00462,Inquiry regarding unexploded ordnance found during warehouse excavation in Peshawar,Shipper attempts booking prohibited hazardous materials / dangerous goods without IATA compliance,RULE-077,Insured payout delayed past 30 days due to missing underwriter surveyor sign-off,RULE-090,Commercial freight shipment found to contain undeclared toxic industrial chemicals / acids,yes,low,no,Unexploded ordnance found at the freight terminal is a critical explosive hazard; closest is the critical hazardous-substance rule.,SAFETY,HAZARDOUS_MATERIAL_MISHANDLING,SAFETY,CRITICAL,P0,CRITICAL_MGMT
CMP-00463,Courteous inquiry regarding lost organ transplant tissue container CN-339102,Shipper requesting booking approval for raw perishable food items via ambient courier network,RULE-020,"Total breakage of fragile contents due to rough transit handling (value < PKR 15,000)",RULE-003,"Delayed delivery containing urgent medical supplies, life-saving drugs or temperature-sensitive goods",yes,medium,no,"Corneal transplant tissue with a 12-hour viability window, 8 hours used, time-critical life-saving medical consignment.",DELIVERY,DELAYED_DELIVERY,LOGISTICS_OPS,CRITICAL,P0,CRITICAL_MGMT
CMP-00464,Friendly reminder regarding electrical short circuit sparks in sorting room Sialkot,Merchant disputes internal warehouse inventory location tracking without physical unit loss,RULE-055,Merchant requests standard update to pickup warehouse address or contact phone number,RULE-089,Consignment of undeclared lithium batteries catches fire / emits smoke in regional sortation center,yes,low,no,"Main electrical panel sparking with a burning-plastic smell in the sorting hall, an imminent fire/smoke hazard in a sortation centre.",SAFETY,HAZARDOUS_MATERIAL_MISHANDLING,SAFETY,CRITICAL,P0,CRITICAL_MGMT
CMP-00465,Polite notice regarding child trapped in unattended delivery van in PECHS Karachi,Rider unprofessional conduct or impolite communication during delivery interaction,RULE-047,RTO package stalled at regional transit hub for >10 days without movement scan,RULE-085,Citizen reports courier van driving recklessly / speeding in residential neighborhood,yes,low,no,"Courier van left running and unlocked in a residential street with a child inside, an unsafe-vehicle risk reported by a citizen.",SAFETY,RECKLESS_DRIVING_SAFETY_RISK,SAFETY,HIGH,P1,SUPERVISOR
CMP-00466,BLOOD-BOILING RAGE! RIDER ARRIVED 7 MINUTES AFTER 2:00 PM! SUE RAFTARXPRESS! CN-8819203,Standard domestic transit delay under 24 hours without perishable contents,RULE-001,Standard domestic transit delay under 24 hours without perishable contents,RULE-001,Standard domestic transit delay under 24 hours without perishable contents,no,high,yes,"7-minute variance on an intact on-time delivery is immaterial; the rage, legal threats and PKR 1M demand do not create a real issue.",DELIVERY,DELAYED_DELIVERY,LOGISTICS_OPS,MEDIUM,P2,NONE
CMP-00467,UNACCEPTABLE DISASTER! COURIER FLYER HAD A TINY DUST SMUDGE ON THE BOTTOM! CN-4410293,Customer complaints regarding superficial cosmetic dust on outer packaging with intact contents,RULE-018,"High-value partial theft with total missing item value > PKR 100,000",RULE-019,Minor outer carton denting with internal goods completely undamaged,yes,high,yes,"Dust smudge on the outer flyer with untouched contents, a cosmetic outer-packaging matter.",PRODUCT_DEFECT,DAMAGED_PARCEL,WARRANTY_CLAIMS,LOW,P3,NONE
CMP-00468,WORST COMPANY ON EARTH! RIDER GAVE ME TWO 50-RUPEE NOTES INSTEAD OF ONE 100-RUPEE NOTE! CN-5510293,Rider lacks exact currency change for high-denomination currency banknote at delivery,RULE-046,Failed delivery consignment held in hub awaiting scheduled weekly RTO consolidation,RULE-070,"Rider verbally asks for tip / round-up change on prepaid shipment, customer refused and received parcel",yes,low,yes,"Change was correct but given as two 50-rupee notes, a denomination preference only; closest is the rider change-handling rule.",STAFF_BEHAVIOR,RIDER_DEMANDING_CASH_TIP,ACCOUNT_SECURITY,MEDIUM,P2,SUPERVISOR
CMP-00469,TOTAL MAYHEM! TRACKING NUMBER WAS 10 DIGITS INSTEAD OF 9 DIGITS! SCAM ALERT! CN-9901827,Customer reporting tracking portal accessibility latency caused by client mobile connection,RULE-068,"Rider used profanity, verbal threats, or aggressive harassment towards customer",RULE-058,Consignment tracking scan stationary for 12 hours during overnight inter-city linehaul,yes,low,yes,"Tracking number has 10 digits instead of 9 on an on-time delivery, no real problem; closest tracking rule.",TECHNICAL_SUPPORT,TRACKING_NOT_UPDATING,CUSTOMER_RELATIONS,LOW,P3,NONE
CMP-00470,I AM SCREAMING! RIDER SAID 'ASSALAM-O-ALAIKUM' INSTEAD OF 'GOOD MORNING'! CN-1029384,Rider unprofessional conduct or impolite communication during delivery interaction,RULE-047,RTO package stalled at regional transit hub for >10 days without movement scan,RULE-067,Customer reports rider spoke discourteously or showed impatient attitude during delivery,yes,medium,yes,"Rider used a respectful Islamic greeting, no misconduct; closest rider-conduct rule.",STAFF_BEHAVIOR,RUDE_RIDER_DRIVER_BEHAVIOR,LOGISTICS_OPS,MEDIUM,P2,SUPERVISOR
CMP-00471,INSUFFERABLE INCOMPETENCE! THE BARCODE STICKER WAS SLANTED BY 5 DEGREES! CN-7710293,Customer complaints regarding superficial cosmetic dust on outer packaging with intact contents,RULE-018,"High-value partial theft with total missing item value > PKR 100,000",RULE-019,Minor outer carton denting with internal goods completely undamaged,yes,medium,yes,"Barcode sticker slanted 5 degrees, a cosmetic outer-packaging matter.",PRODUCT_DEFECT,DAMAGED_PARCEL,WARRANTY_CLAIMS,LOW,P3,NONE
CMP-00472,TREACHERY! DELIVERY SMS USED LOWERCASE 'r' IN RAFTARXPRESS! CANCEL MY ACCOUNT! CN-3301928,Customer reporting tracking portal accessibility latency caused by client mobile connection,RULE-068,"Rider used profanity, verbal threats, or aggressive harassment towards customer",RULE-081,Customer requests permanent deletion / erasure of shipping history under privacy rights,yes,medium,no,"The lowercase SMS grievance is frivolous, but the customer explicitly asks for account and data deletion, an actionable erasure request (RULE-081, as for CMP-00168).",PRIVACY,DATA_PRIVACY_BREACH,ACCOUNT_SECURITY,LOW,P3,COMPLIANCE_REVIEW
CMP-00473,DISASTER! RIDER DID NOT SMILE WHILE HANDING ME THE ENVELOPE IN GUJRANWALA! CN-2201948,Rider unprofessional conduct or impolite communication during delivery interaction,RULE-047,RTO package stalled at regional transit hub for >10 days without movement scan,RULE-067,Customer reports rider spoke discourteously or showed impatient attitude during delivery,yes,medium,yes,"Rider did not smile, no misconduct; closest rider-conduct rule.",STAFF_BEHAVIOR,RUDE_RIDER_DRIVER_BEHAVIOR,LOGISTICS_OPS,MEDIUM,P2,SUPERVISOR
CMP-00474,OUTRAGEOUS! TRACKING MAP ICON SHOWED A MOTORCYCLE INSTEAD OF A SCOOTER! CN-6601928,Customer reporting tracking portal accessibility latency caused by client mobile connection,RULE-068,"Rider used profanity, verbal threats, or aggressive harassment towards customer",RULE-061,Single user reports mobile tracking app crashes on specific older Android OS version,yes,low,yes,"Tracking map shows a motorcycle icon but a scooter came, trivial app UI feedback.",TECHNICAL_SUPPORT,APP_CRASH,CUSTOMER_RELATIONS,LOW,P3,NONE
CMP-00475,ABSOLUTE TORTURE! RIDER KNOCKED 4 TIMES INSTEAD OF 3 TIMES! SIALKOT CN-9918203,Rider unprofessional conduct or impolite communication during delivery interaction,RULE-047,RTO package stalled at regional transit hub for >10 days without movement scan,RULE-067,Customer reports rider spoke discourteously or showed impatient attitude during delivery,yes,medium,yes,"Rider knocked four times, no misconduct; closest rider-conduct rule.",STAFF_BEHAVIOR,RUDE_RIDER_DRIVER_BEHAVIOR,LOGISTICS_OPS,MEDIUM,P2,SUPERVISOR
CMP-00476,DISGUSTING! THE DELIVERY BOX CARDBOARD HAD A RECYCLED BROWN HUE INSTEAD OF PURE WHITE! CN-4410294,Customer complaints regarding superficial cosmetic dust on outer packaging with intact contents,RULE-018,"High-value partial theft with total missing item value > PKR 100,000",RULE-019,Minor outer carton denting with internal goods completely undamaged,yes,medium,yes,"Standard brown cardboard colour, a cosmetic packaging preference with goods intact.",PRODUCT_DEFECT,DAMAGED_PARCEL,WARRANTY_CLAIMS,LOW,P3,NONE
CMP-00477,I WILL DESTROY YOUR REPUTATION! RIDER ASKED 'AAP KA NAAM KYA HAI' TO VERIFY IDENTITY! CN-5501929,Rider unprofessional conduct or impolite communication during delivery interaction,RULE-047,RTO package stalled at regional transit hub for >10 days without movement scan,RULE-067,Customer reports rider spoke discourteously or showed impatient attitude during delivery,yes,medium,yes,"Rider asked the recipient's name for standard identity verification, no misconduct; closest rider-conduct rule.",STAFF_BEHAVIOR,RUDE_RIDER_DRIVER_BEHAVIOR,LOGISTICS_OPS,MEDIUM,P2,SUPERVISOR
CMP-00478,CORRUPTION! PARCEL WEIGHED 498 GRAMS BUT BILLED AT 500 GRAM TIER! CN-8820194,Merchant disputes re-weighing volumetric discrepancy verified by automated dimensioning scans,RULE-070,"Rider verbally asks for tip / round-up change on prepaid shipment, customer refused and received parcel",RULE-034,"Dispute over volumetric vs dead weight calculation resulting in minor overcharge (< PKR 1,000)",yes,high,yes,Standard 0.5 kg slab rounding (40 paisa) is correct tariff practice; closest is the minor weight-calculation dispute rule.,BILLING,INCORRECT_CHARGE,BILLING,LOW,P3,NONE
CMP-00479,SCANDALOUS! DELIVERY RIDER WORE SNEAKERS INSTEAD OF FORMAL LEATHER DRESS SHOES! CN-1102939,Rider unprofessional conduct or impolite communication during delivery interaction,RULE-047,RTO package stalled at regional transit hub for >10 days without movement scan,RULE-067,Customer reports rider spoke discourteously or showed impatient attitude during delivery,yes,medium,yes,"Rider wore sneakers, no misconduct; closest rider-conduct rule.",STAFF_BEHAVIOR,RUDE_RIDER_DRIVER_BEHAVIOR,LOGISTICS_OPS,MEDIUM,P2,SUPERVISOR
CMP-00480,CRIMINAL NEGLIGENCE! PACKING TAPE WAS CLEAR TRANSPARENT INSTEAD OF BROWN BRANDED TAPE! CN-7701929,Customer complaints regarding superficial cosmetic dust on outer packaging with intact contents,RULE-018,"High-value partial theft with total missing item value > PKR 100,000",RULE-019,Minor outer carton denting with internal goods completely undamaged,yes,medium,yes,"Plain transparent tape on a fully sealed, intact parcel, a cosmetic packaging matter with no tampering.",PRODUCT_DEFECT,DAMAGED_PARCEL,WARRANTY_CLAIMS,LOW,P3,NONE
CMP-00481,Disputing reverse logistics RTO return shipping tariff calculation MER-4419,Merchant disputes contractual reverse logistics RTO handling and transit charges,RULE-031,Customer online portal shows two identical invoice charges for a single consignment booking,RULE-035,Systemic fuel surcharge applied at expired higher rate across monthly merchant invoice,yes,low,no,"Merchant disputes RTO tariffs charged at the standard rate instead of its contracted volume tier (PKR 7,200), a wrong rate applied across an invoice.",BILLING,INCORRECT_CHARGE,BILLING,HIGH,P1,DEPT_MANAGER
CMP-00482,Domestic overland transit delay exceeding 48 hours for Karachi to Quetta CN-5501931,Consignee disputes standard economy ground transit time delivered within SLA window,RULE-002,Transit delay exceeding 72 hours with repeated customer inquiries (>2 times),RULE-001,Standard domestic transit delay under 24 hours without perishable contents,yes,low,no,"52-hour overland delay at a checkpoint on first contact; RULE-002 needs >72h plus more than 2 inquiries, so the standard delay rule is closest despite exceeding 24h.",DELIVERY,DELAYED_DELIVERY,LOGISTICS_OPS,MEDIUM,P2,NONE
CMP-00483,Merchant portal batch airway bill PDF generation timeout during bulk dispatch MER-9920,Merchant API or portal connectivity failure caused by client-side network interruption,RULE-066,"Enterprise corporate client API gateway completely down, blocking all nationwide bookings",RULE-063,Merchant bulk manifest generator crashes on CSV uploads exceeding 500 rows,yes,medium,no,"Merchant portal bulk AWB PDF generation times out (HTTP 504) on 250 labels, a merchant bulk-generator failure.",TECHNICAL_SUPPORT,APP_CRASH,CUSTOMER_RELATIONS,MEDIUM,P2,SPECIALIST
CMP-00484,Fragile glassware packaging audit verification for corporate vendor booking CORP-880,Damage to fragile or glassware items shipped without declared fragile handling,RULE-016,"Multi-piece consignment missing 1 of N boxes, standard commercial cargo",RULE-019,Minor outer carton denting with internal goods completely undamaged,yes,low,yes,"Pre-transit packaging inspection request for fragile glassware with no damage, a service request; closest low-priority packaging rule.",PRODUCT_DEFECT,DAMAGED_PARCEL,WARRANTY_CLAIMS,LOW,P3,NONE
CMP-00485,Discrepancy in COD cash collection receipt voucher issued by delivery courier CN-8820195,Consignee disputes COD amount after delivery completion,RULE-027,Merchant reports repeated tampered packages from a specific regional dispatch route,RULE-028,Rider demands higher COD cash than printed on official digital consignment manifest,yes,medium,no,"Cash collected (PKR 4,250) exceeds the handheld receipt (PKR 4,000), a doorstep COD collection mismatch under PKR 10,000.",BILLING,COD_AMOUNT_MISMATCH,BILLING,HIGH,P1,SUPERVISOR
CMP-00486,Consignee requesting in-transit address correction from Lahore to Sheikhupura CN-3301932,Merchant requesting mid-transit consignee address or contact modification,RULE-008,"Package left unattended at gate/street without customer consent, package intact",RULE-004,First missed delivery attempt due to customer premises locked or phone unattended,yes,low,yes,"Merchant-authorized reroute because the consignee moved, a routine address-change request with no service failure.",DELIVERY,MISSED_DELIVERY_ATTEMPT,LOGISTICS_OPS,LOW,P3,NONE
CMP-00487,Aged inventory pallet storage fee calculation inquiry at Islamabad Fulfillment Center MER-3315,Merchant requesting long-term pallet storage fee exemption for aged inventory,RULE-059,Tracking scan frozen at origin hub for >48 hours without departure event,RULE-034,"Dispute over volumetric vs dead weight calculation resulting in minor overcharge (< PKR 1,000)",yes,low,yes,"Merchant asks for the breakdown of the aged-storage fee, an invoice inquiry with no dispute; closest low-priority billing rule.",BILLING,INCORRECT_CHARGE,BILLING,LOW,P3,NONE
CMP-00488,Rider cash change shortfall resolved via mobile wallet QR in Faisalabad CN-7701931,Rider lacks exact currency change for high-denomination currency banknote at delivery,RULE-046,Failed delivery consignment held in hub awaiting scheduled weekly RTO consolidation,RULE-070,"Rider verbally asks for tip / round-up change on prepaid shipment, customer refused and received parcel",yes,low,yes,"Positive feedback on QR-wallet change handling, praise; closest change-handling rule.",STAFF_BEHAVIOR,RIDER_DEMANDING_CASH_TIP,ACCOUNT_SECURITY,MEDIUM,P2,SUPERVISOR
CMP-00489,Merchant requesting return-to-vendor (RTV) bulk withdrawal of 500 units MER-1199,Inventory count discrepancy identified during merchant physical stock audit under 2%,RULE-056,Merchant requests legal company title change and NTN/Sales Tax registration update,RULE-055,Merchant requests standard update to pickup warehouse address or contact phone number,yes,low,yes,"Merchant asks to withdraw 500 units of inventory (return-to-vendor), a routine merchant operational request.",ACCOUNT,MERCHANT_PROFILE_UPDATE,CUSTOMER_RELATIONS,LOW,P3,NONE
CMP-00490,Consignee unable to receive OTP due to telco cellular network downtime in Quetta CN-4410295,Consignee requesting OTP delivery verification bypass for third-party parcel handover,RULE-007,Package left on porch or with building guard with prior verbal consignee permission,RULE-004,First missed delivery attempt due to customer premises locked or phone unattended,yes,low,no,"Delivery blocked because the consignee's phone has no network for the OTP, a customer-side phone issue at the first attempt that needs a verification override.",DELIVERY,MISSED_DELIVERY_ATTEMPT,LOGISTICS_OPS,LOW,P3,NONE
CMP-00491,Commercial freight demurrage credit note processing confirmation CORP-702,Client requesting demurrage storage fee waiver caused by consignee-side customs delay,RULE-035,Systemic fuel surcharge applied at expired higher rate across monthly merchant invoice,RULE-034,"Dispute over volumetric vs dead weight calculation resulting in minor overcharge (< PKR 1,000)",yes,low,yes,"Corporate client confirms an approved credit memo and asks for a revised statement, routine billing administration.",BILLING,INCORRECT_CHARGE,BILLING,LOW,P3,NONE
CMP-00492,Thermal printer barcode darkness calibration query for high-speed sorting MER-8830,Merchant API or portal connectivity failure caused by client-side network interruption,RULE-066,"Enterprise corporate client API gateway completely down, blocking all nationwide bookings",RULE-063,Merchant bulk manifest generator crashes on CSV uploads exceeding 500 rows,yes,low,yes,"Merchant asks for thermal-printer barcode settings, a technical advisory on merchant label tooling.",TECHNICAL_SUPPORT,APP_CRASH,CUSTOMER_RELATIONS,MEDIUM,P2,SPECIALIST
CMP-00493,Consignment delivered within 12 hours between Rawalpindi and Islamabad CN-1029385,Standard domestic transit delay under 24 hours without perishable contents,RULE-001,Standard domestic transit delay under 24 hours without perishable contents,RULE-001,Standard domestic transit delay under 24 hours without perishable contents,no,medium,yes,Praise for a same-day delivery made in 4 hours; closest delivery-timing rule.,DELIVERY,DELAYED_DELIVERY,LOGISTICS_OPS,MEDIUM,P2,NONE
CMP-00494,Volumetric weight calculation clarification for cylindrical carpet rolls MER-5520,Merchant disputes re-weighing volumetric discrepancy verified by automated dimensioning scans,RULE-070,"Rider verbally asks for tip / round-up change on prepaid shipment, customer refused and received parcel",RULE-034,"Dispute over volumetric vs dead weight calculation resulting in minor overcharge (< PKR 1,000)",yes,medium,yes,"Question about the volumetric formula for cylindrical packages, an informational inquiry on the weight-calculation topic.",BILLING,INCORRECT_CHARGE,BILLING,LOW,P3,NONE
CMP-00495,Customer address landmark clarification provided before second delivery attempt CN-9901829,Merchant requesting mid-transit consignee address or contact modification,RULE-004,First missed delivery attempt due to customer premises locked or phone unattended,RULE-004,First missed delivery attempt due to customer premises locked or phone unattended,no,medium,no,"Consignee gives landmarks after a failed first delivery attempt and asks for a reattempt, a first missed attempt caused by the customer-side address.",DELIVERY,MISSED_DELIVERY_ATTEMPT,LOGISTICS_OPS,LOW,P3,NONE
CMP-00496,Merchant requesting automated daily dispatched orders summary email MER-7725,Merchant API or portal connectivity failure caused by client-side network interruption,RULE-066,"Enterprise corporate client API gateway completely down, blocking all nationwide bookings",RULE-055,Merchant requests standard update to pickup warehouse address or contact phone number,yes,low,yes,"Merchant asks to configure an automated daily report on its profile, a routine profile configuration request.",ACCOUNT,MERCHANT_PROFILE_UPDATE,CUSTOMER_RELATIONS,LOW,P3,NONE
CMP-00497,Inquiry regarding seasonal fruit packaging compliance requirements from Multan,Shipper requesting booking approval for raw perishable food items via ambient courier network,RULE-020,"Total breakage of fragile contents due to rough transit handling (value < PKR 15,000)",RULE-019,Minor outer carton denting with internal goods completely undamaged,yes,low,yes,"Inquiry about packaging standards for seasonal mangoes, informational; closest low-priority packaging rule.",PRODUCT_DEFECT,DAMAGED_PARCEL,WARRANTY_CLAIMS,LOW,P3,NONE
CMP-00498,Confirmation of electronic invoice settlement for corporate freight ledger CORP-990,Client disputes line-haul freight invoice after successful delivery completion,RULE-034,"Dispute over volumetric vs dead weight calculation resulting in minor overcharge (< PKR 1,000)",RULE-034,"Dispute over volumetric vs dead weight calculation resulting in minor overcharge (< PKR 1,000)",no,low,yes,"Corporate client confirms invoice payment and asks for a ledger update, routine billing administration.",BILLING,INCORRECT_CHARGE,BILLING,LOW,P3,NONE
CMP-00499,Customer praise for careful fragile handling of crystal dining set CN-2201950,Damage to fragile or glassware items shipped without declared fragile handling,RULE-016,"Multi-piece consignment missing 1 of N boxes, standard commercial cargo",RULE-019,Minor outer carton denting with internal goods completely undamaged,yes,low,yes,Praise that a fragile crystal set arrived without a scratch; closest packaging/handling rule with goods undamaged.,PRODUCT_DEFECT,DAMAGED_PARCEL,WARRANTY_CLAIMS,LOW,P3,NONE
CMP-00500,Final dataset milestone: System confirmation of 500th customer complaint record validation,Standard domestic transit delay under 24 hours without perishable contents,RULE-001,Standard domestic transit delay under 24 hours without perishable contents,RULE-001,Standard domestic transit delay under 24 hours without perishable contents,no,low,yes,Synthetic 'dataset milestone' record with no customer issue; kept on the original default rule.,DELIVERY,DELAYED_DELIVERY,LOGISTICS_OPS,MEDIUM,P2,NONE
